campaign_id,run_id,case_id,reader_id,execution_mode,repetition,order,status,open_query_ns,initialization_ns,initialization_plus_query1_ns,initialization_plus_all_queries_ns,session_elapsed_ns,startup_ns,cleanup_ns,query_0_completion_ns,query_0_first_batch_ns,query_0_output_rows,query_0_output_batches,query_1_completion_ns,query_1_first_batch_ns,query_1_output_rows,query_1_output_batches,peak_rss_bytes,process_cpu_ns,process_elapsed_ns,process_system_cpu_ns,process_user_cpu_ns,reason,requests,response_bytes,touched_parquet_objects
r6-dcf2fa8-q2-scattered,r6-dcf2fa8-q2-scattered-00005,production.q2.scattered,delta-arrow-reader,open,0,0,success,11381974475,,,,11381975847,,1686303,11381974475,10849678015,895,5,,,,,447565824,1047215000,11562033988,460652000,586563000,request/byte metrics require a separate I/O diagnostic,,,
r6-dcf2fa8-q2-scattered,r6-dcf2fa8-q2-scattered-00006,production.q2.scattered,delta-rs,open,0,1,success,11773352021,,,,11773354035,,1649114,11773352021,11289279858,895,5,,,,,447565824,1075616000,11963373078,473171000,602445000,request/byte metrics require a separate I/O diagnostic,,,
r6-dcf2fa8-q2-scattered,r6-dcf2fa8-q2-scattered-00007,production.q2.scattered,spark,open,0,2,success,19764669718,,,,19764692621,3157975141,161744954,19764669718,,895,5,,,,,447565824,3087557000,26571336592,410490000,2677067000,request/byte metrics require a separate I/O diagnostic,,,
r6-dcf2fa8-q2-scattered,r6-dcf2fa8-q2-scattered-00008,production.q2.scattered,duckdb,open,0,3,success,13025989444,,,,13025992189,,13605082,13025989444,13025946334,895,1,,,,,699895808,2394765000,13565053705,884052000,1510713000,request/byte metrics require a separate I/O diagnostic,,,
r6-dcf2fa8-q2-scattered,r6-dcf2fa8-q2-scattered-00009,production.q2.scattered,polars,open,0,4,success,11573544360,,,,11573548057,,320715,11573544360,11573420760,895,1,,,,,447565824,1671476000,12830378639,633645000,1037831000,request/byte metrics require a separate I/O diagnostic,,,
r6-dcf2fa8-q2-scattered,r6-dcf2fa8-q2-scattered-00010,production.q2.scattered,delta-rs,open,1,0,success,11773692571,,,,11773694785,,1506909,11773692571,11273822894,895,5,,,,,447565824,1042193000,11970029169,454748000,587445000,request/byte metrics require a separate I/O diagnostic,,,
r6-dcf2fa8-q2-scattered,r6-dcf2fa8-q2-scattered-00011,production.q2.scattered,duckdb,open,1,1,success,13031037044,,,,13031039599,,10453818,13031037044,13030999454,895,1,,,,,704344064,2162576000,13527279482,866917000,1295659000,request/byte metrics require a separate I/O diagnostic,,,
r6-dcf2fa8-q2-scattered,r6-dcf2fa8-q2-scattered-00012,production.q2.scattered,delta-arrow-reader,open,1,2,success,11377543466,,,,11377544818,,1733059,11377543466,11227870375,895,5,,,,,447565824,1061036000,11548640122,418527000,642509000,request/byte metrics require a separate I/O diagnostic,,,
r6-dcf2fa8-q2-scattered,r6-dcf2fa8-q2-scattered-00013,production.q2.scattered,polars,open,1,3,success,11604959443,,,,11604962368,,306930,11604959443,11604837817,895,1,,,,,447565824,1489539000,12169155076,591869000,897670000,request/byte metrics require a separate I/O diagnostic,,,
r6-dcf2fa8-q2-scattered,r6-dcf2fa8-q2-scattered-00014,production.q2.scattered,spark,open,1,4,success,19903079199,,,,19903110197,3192968375,60451299,19903079199,,895,5,,,,,447565824,2968573000,25789662132,318131000,2650442000,request/byte metrics require a separate I/O diagnostic,,,
r6-dcf2fa8-q2-scattered,r6-dcf2fa8-q2-scattered-00015,production.q2.scattered,duckdb,open,2,0,success,13037994181,,,,13037996405,,8795678,13037994181,13037957743,895,1,,,,,691302400,12127856000,14414705934,797169000,11330687000,request/byte metrics require a separate I/O diagnostic,,,
r6-dcf2fa8-q2-scattered,r6-dcf2fa8-q2-scattered-00016,production.q2.scattered,polars,open,2,1,success,11572966712,,,,11572969737,,309504,11572966712,11572850055,895,1,,,,,447565824,1614257000,12238514428,625191000,989066000,request/byte metrics require a separate I/O diagnostic,,,
r6-dcf2fa8-q2-scattered,r6-dcf2fa8-q2-scattered-00017,production.q2.scattered,delta-rs,open,2,2,success,11771692568,,,,11771708348,,1538187,11771692568,11252433334,895,5,,,,,447565824,1058636000,11967739880,481267000,577369000,request/byte metrics require a separate I/O diagnostic,,,
r6-dcf2fa8-q2-scattered,r6-dcf2fa8-q2-scattered-00018,production.q2.scattered,spark,open,2,3,success,19771501210,,,,19771523371,3196624348,130978067,19771501210,,895,5,,,,,447565824,2976091000,25717441081,348298000,2627793000,request/byte metrics require a separate I/O diagnostic,,,
r6-dcf2fa8-q2-scattered,r6-dcf2fa8-q2-scattered-00019,production.q2.scattered,delta-arrow-reader,open,2,4,success,11374707658,,,,11374708720,,1341643,11374707658,11229339482,895,5,,,,,447565824,1012520000,11534035055,417750000,594770000,request/byte metrics require a separate I/O diagnostic,,,
r6-dcf2fa8-q2-scattered,r6-dcf2fa8-q2-scattered-00020,production.q2.scattered,polars,open,3,0,success,11641869210,,,,11641871905,,290279,11641869210,11641756982,895,1,,,,,447565824,1492240000,12278859955,549255000,942985000,request/byte metrics require a separate I/O diagnostic,,,
r6-dcf2fa8-q2-scattered,r6-dcf2fa8-q2-scattered-00021,production.q2.scattered,spark,open,3,1,success,19930224943,,,,19930256091,3193926797,495878394,19930224943,,895,5,,,,,447565824,3012930000,26438572368,355445000,2657485000,request/byte metrics require a separate I/O diagnostic,,,
r6-dcf2fa8-q2-scattered,r6-dcf2fa8-q2-scattered-00022,production.q2.scattered,duckdb,open,3,2,success,13038805048,,,,13038807883,,12823490,13038805048,13038763190,895,1,,,,,710868992,2465330000,14031134261,871661000,1593669000,request/byte metrics require a separate I/O diagnostic,,,
r6-dcf2fa8-q2-scattered,r6-dcf2fa8-q2-scattered-00023,production.q2.scattered,delta-arrow-reader,open,3,3,success,11383208973,,,,11383210456,,1724102,11383208973,11236113337,895,5,,,,,447565824,976792000,11561077220,417842000,558950000,request/byte metrics require a separate I/O diagnostic,,,
r6-dcf2fa8-q2-scattered,r6-dcf2fa8-q2-scattered-00024,production.q2.scattered,delta-rs,open,3,4,success,11768498227,,,,11768500291,,1332324,11768498227,11287712438,895,5,,,,,447565824,1080581000,11971742071,452592000,627989000,request/byte metrics require a separate I/O diagnostic,,,
r6-dcf2fa8-q2-scattered,r6-dcf2fa8-q2-scattered-00025,production.q2.scattered,spark,open,4,0,success,19868164876,,,,19868186857,3160864913,74186264,19868164876,,895,5,,,,,447565824,2944475000,25608809624,304947000,2639528000,request/byte metrics require a separate I/O diagnostic,,,
r6-dcf2fa8-q2-scattered,r6-dcf2fa8-q2-scattered-00026,production.q2.scattered,delta-arrow-reader,open,4,1,success,11376394844,,,,11376396317,,1697513,11376394844,10924624476,895,5,,,,,447565824,1037260000,11551884873,440215000,597045000,request/byte metrics require a separate I/O diagnostic,,,
r6-dcf2fa8-q2-scattered,r6-dcf2fa8-q2-scattered-00027,production.q2.scattered,polars,open,4,2,success,11647149393,,,,11647152459,,390646,11647149393,11647032586,895,1,,,,,447565824,1589951000,12998119170,593586000,996365000,request/byte metrics require a separate I/O diagnostic,,,
r6-dcf2fa8-q2-scattered,r6-dcf2fa8-q2-scattered-00028,production.q2.scattered,delta-rs,open,4,3,success,11772846135,,,,11772848139,,1754980,11772846135,11302461597,895,5,,,,,447565824,1074929000,11972711744,439616000,635313000,request/byte metrics require a separate I/O diagnostic,,,
r6-dcf2fa8-q2-scattered,r6-dcf2fa8-q2-scattered-00029,production.q2.scattered,duckdb,open,4,4,success,13029899892,,,,13029902376,,8419730,13029899892,13029866119,895,1,,,,,686813184,12068638000,13830148685,758352000,11310286000,request/byte metrics require a separate I/O diagnostic,,,
r6-dcf2fa8-q2-scattered,r6-dcf2fa8-q2-scattered-00035,production.q2.scattered,delta-arrow-reader,reuse,0,0,success,,1256662152,11390180853,21510137160,21511413880,,9822927,10133518701,9991419706,895,5,10119956307,9678727346,895,5,447565824,1740971000,21695645699,776545000,964426000,request/byte metrics require a separate I/O diagnostic,,,
r6-dcf2fa8-q2-scattered,r6-dcf2fa8-q2-scattered-00036,production.q2.scattered,delta-rs,reuse,0,1,success,,1256642124,11785192759,21933755216,21934278529,,6519641,10528550635,10015938968,895,5,10148562457,10117545292,895,5,447565824,1876415000,22144580163,857590000,1018825000,request/byte metrics require a separate I/O diagnostic,,,
r6-dcf2fa8-q2-scattered,r6-dcf2fa8-q2-scattered-00037,production.q2.scattered,spark,reuse,0,2,success,,5861227999,19842268657,31031882811,31032122968,3174481948,432664050,13981040658,,895,5,11189614154,,895,5,447565824,3011642000,37532988015,367577000,2644065000,request/byte metrics require a separate I/O diagnostic,,,
r6-dcf2fa8-q2-scattered,r6-dcf2fa8-q2-scattered-00038,production.q2.scattered,duckdb,reuse,0,3,success,,1248778056,12208404522,23114681925,23114826733,,8937501,10959626466,10959589657,895,1,10906277403,10906243620,895,1,857473024,13261504000,24312691096,1250048000,12011456000,request/byte metrics require a separate I/O diagnostic,,,
r6-dcf2fa8-q2-scattered,r6-dcf2fa8-q2-scattered-00039,production.q2.scattered,polars,reuse,0,4,success,,1262530551,11576227046,21872194155,21872389747,,286572,10313696495,10313592081,895,1,10295967109,10295866572,895,1,447565824,2509610000,23566275142,1055199000,1454411000,request/byte metrics require a separate I/O diagnostic,,,
r6-dcf2fa8-q2-scattered,r6-dcf2fa8-q2-scattered-00040,production.q2.scattered,delta-rs,reuse,1,0,success,,1260224248,11783611633,21925625434,21926131784,,1798802,10523387385,10034256285,895,5,10142013801,9901683148,895,5,447565824,1886378000,22135300223,865162000,1021216000,request/byte metrics require a separate I/O diagnostic,,,
r6-dcf2fa8-q2-scattered,r6-dcf2fa8-q2-scattered-00041,production.q2.scattered,duckdb,reuse,1,1,success,,1246937024,12167215859,23090036574,23090178519,,15226995,10920278835,10920240374,895,1,10922820715,10922787473,895,1,877957120,22556672000,23600583637,1036580000,21520092000,request/byte metrics require a separate I/O diagnostic,,,
r6-dcf2fa8-q2-scattered,r6-dcf2fa8-q2-scattered-00042,production.q2.scattered,delta-arrow-reader,reuse,1,2,success,,1255683671,11384999624,21527077126,21528261907,,1417984,10129315953,9447079662,895,5,10142077502,9734819645,895,5,447565824,1748227000,21713227568,808583000,939644000,request/byte metrics require a separate I/O diagnostic,,,
r6-dcf2fa8-q2-scattered,r6-dcf2fa8-q2-scattered-00043,production.q2.scattered,polars,reuse,1,3,success,,1259747649,11569512198,21864206275,21864357566,,291241,10309764549,10309674892,895,1,10294694077,10294590324,895,1,447565824,2098940000,22437686046,832826000,1266114000,request/byte metrics require a separate I/O diagnostic,,,
r6-dcf2fa8-q2-scattered,r6-dcf2fa8-q2-scattered-00044,production.q2.scattered,spark,reuse,1,4,success,,5925836622,19888012073,31064044665,31064312032,3254846959,402934046,13962175451,,895,5,11176032592,,895,5,447565824,2880984000,36808398473,339583000,2541401000,request/byte metrics require a separate I/O diagnostic,,,
r6-dcf2fa8-q2-scattered,r6-dcf2fa8-q2-scattered-00045,production.q2.scattered,duckdb,reuse,2,0,success,,1246049624,12199543224,23114531492,23114665612,,15997476,10953493600,10953456081,895,1,10914988268,10914958653,895,1,977219584,13225229000,24241338911,1295455000,11929774000,request/byte metrics require a separate I/O diagnostic,,,
r6-dcf2fa8-q2-scattered,r6-dcf2fa8-q2-scattered-00046,production.q2.scattered,polars,reuse,2,1,success,,1259046037,11571060741,21867807751,21867994468,,300038,10312014704,10311909529,895,1,10296747010,10296625805,895,1,447565824,2382457000,22538144926,1055331000,1327126000,request/byte metrics require a separate I/O diagnostic,,,
r6-dcf2fa8-q2-scattered,r6-dcf2fa8-q2-scattered-00047,production.q2.scattered,delta-rs,reuse,2,2,success,,1258103068,11781556471,21956091329,21956607938,,1528118,10523453403,10187155166,895,5,10174534858,10060439342,895,5,447565824,1891978000,22148903745,875789000,1016189000,request/byte metrics require a separate I/O diagnostic,,,
r6-dcf2fa8-q2-scattered,r6-dcf2fa8-q2-scattered-00048,production.q2.scattered,spark,reuse,2,3,success,,5822368227,19814890989,30973192037,30973454225,3167283456,480994597,13992522762,,895,5,11158301048,,895,5,447565824,2953381000,37124321385,330581000,2622800000,request/byte metrics require a separate I/O diagnostic,,,
r6-dcf2fa8-q2-scattered,r6-dcf2fa8-q2-scattered-00049,production.q2.scattered,delta-arrow-reader,reuse,2,4,success,,1256441999,11387923042,21513381326,21514481741,,6610138,10131481043,9686880210,895,5,10125458284,9994921676,895,5,447565824,1725569000,21693497159,789451000,936118000,request/byte metrics require a separate I/O diagnostic,,,
r6-dcf2fa8-q2-scattered,r6-dcf2fa8-q2-scattered-00050,production.q2.scattered,polars,reuse,3,0,success,,1260762495,11571302932,21935036794,21935213591,,284528,10310540437,10310454748,895,1,10363733862,10363634778,895,1,447565824,1990225000,22692698660,840694000,1149531000,request/byte metrics require a separate I/O diagnostic,,,
r6-dcf2fa8-q2-scattered,r6-dcf2fa8-q2-scattered-00051,production.q2.scattered,spark,reuse,3,1,success,,5965981318,19928632910,31121443887,31121703459,3123314703,348213801,13962651592,,895,5,11192810977,,895,5,447565824,2855485000,36623996349,360421000,2495064000,request/byte metrics require a separate I/O diagnostic,,,
r6-dcf2fa8-q2-scattered,r6-dcf2fa8-q2-scattered-00052,production.q2.scattered,duckdb,reuse,3,2,success,,1248567885,12201218762,23126877267,23127028357,,15604226,10952650877,10952616263,895,1,10925658505,10925625062,895,1,1016696832,13016974000,23880873273,1315577000,11701397000,request/byte metrics require a separate I/O diagnostic,,,
r6-dcf2fa8-q2-scattered,r6-dcf2fa8-q2-scattered-00053,production.q2.scattered,delta-arrow-reader,reuse,3,3,success,,1257457284,11386857442,21506874510,21508027081,,10724972,10129400158,9440977485,895,5,10120017068,9902386821,895,5,447565824,1730001000,21692855588,802467000,927534000,request/byte metrics require a separate I/O diagnostic,,,
r6-dcf2fa8-q2-scattered,r6-dcf2fa8-q2-scattered-00054,production.q2.scattered,delta-rs,reuse,3,4,success,,1257135863,11783259536,21926667039,21927069417,,7774562,10526123673,10041457557,895,5,10143407503,10108595789,895,5,447565824,1819915000,22137884835,836769000,983146000,request/byte metrics require a separate I/O diagnostic,,,
r6-dcf2fa8-q2-scattered,r6-dcf2fa8-q2-scattered-00055,production.q2.scattered,spark,reuse,4,0,success,,5868178457,19763333378,30927227381,30927503303,3165186420,31368348,13895154921,,895,5,11163894003,,895,5,447565824,3028616000,37062493412,428836000,2599780000,request/byte metrics require a separate I/O diagnostic,,,
r6-dcf2fa8-q2-scattered,r6-dcf2fa8-q2-scattered-00056,production.q2.scattered,delta-arrow-reader,reuse,4,1,success,,1255324154,11390728871,21515579251,21516312453,,2034018,10135404717,9985632319,895,5,10124850380,9688151975,895,5,447565824,1952284000,21690418021,855304000,1096980000,request/byte metrics require a separate I/O diagnostic,,,
r6-dcf2fa8-q2-scattered,r6-dcf2fa8-q2-scattered-00057,production.q2.scattered,polars,reuse,4,2,success,,1264251048,11572680940,21881313957,21881453726,,376590,10308429892,10308319557,895,1,10308633017,10308519576,895,1,447565824,2415947000,22763442626,1020450000,1395497000,request/byte metrics require a separate I/O diagnostic,,,
r6-dcf2fa8-q2-scattered,r6-dcf2fa8-q2-scattered-00058,production.q2.scattered,delta-rs,reuse,4,3,success,,1258252403,11784721061,21940768638,21941616723,,7119435,10526468658,10023873609,895,5,10156047577,10124067733,895,5,447565824,1886553000,22148652490,887840000,998713000,request/byte metrics require a separate I/O diagnostic,,,
r6-dcf2fa8-q2-scattered,r6-dcf2fa8-q2-scattered-00059,production.q2.scattered,duckdb,reuse,4,4,success,,1247198943,12195806865,23120624050,23120759051,,12886117,10948607922,10948563219,895,1,10924817185,10924784985,895,1,1005969408,12912334000,23674347934,1287009000,11625325000,request/byte metrics require a separate I/O diagnostic,,,
r6-dcf2fa8-q2-scattered-dv-stage2,r6-dcf2fa8-q2-scattered-dv-stage2-00005,production.q2.scattered.dv,delta-arrow-reader,open,0,0,success,11973316468,,,,11973318061,,2047824,11973316468,11441883009,894,5,,,,,448159744,1082707000,12145934898,462842000,619865000,request/byte metrics require a separate I/O diagnostic,,,
r6-dcf2fa8-q2-scattered-dv-stage2,r6-dcf2fa8-q2-scattered-dv-stage2-00006,production.q2.scattered.dv,delta-rs,open,0,1,success,72098076817,,,,72098080243,,11129912,72098076817,72097085556,894,8,,,,,448159744,5678025000,72299547916,2818349000,2859676000,request/byte metrics require a separate I/O diagnostic,,,
r6-dcf2fa8-q2-scattered-dv-stage2,r6-dcf2fa8-q2-scattered-dv-stage2-00007,production.q2.scattered.dv,spark,open,0,2,success,21234116567,,,,21234137636,3280944378,190912029,21234116567,,894,5,,,,,448159744,2826901000,26586823680,303793000,2523108000,request/byte metrics require a separate I/O diagnostic,,,
r6-dcf2fa8-q2-scattered-dv-stage2,r6-dcf2fa8-q2-scattered-dv-stage2-00008,production.q2.scattered.dv,duckdb,open,0,3,success,14891921198,,,,14891923933,,8876126,14891921198,14891884059,894,1,,,,,716439552,12132190000,16051958364,822369000,11309821000,request/byte metrics require a separate I/O diagnostic,,,
r6-dcf2fa8-q2-scattered-dv-stage2,r6-dcf2fa8-q2-scattered-dv-stage2-00009,production.q2.scattered.dv,polars,open,0,4,success,66167594957,,,,66167597802,,302372,66167594957,66167472239,894,1,,,,,969379840,6722132000,66865380698,3695549000,3026583000,request/byte metrics require a separate I/O diagnostic,,,
r6-dcf2fa8-q2-scattered-dv-stage2,r6-dcf2fa8-q2-scattered-dv-stage2-00010,production.q2.scattered.dv,delta-rs,open,1,0,success,72086050543,,,,72086052517,,11209170,72086050543,72084467614,894,8,,,,,448159744,5678167000,72291824254,2826397000,2851770000,request/byte metrics require a separate I/O diagnostic,,,
r6-dcf2fa8-q2-scattered-dv-stage2,r6-dcf2fa8-q2-scattered-dv-stage2-00011,production.q2.scattered.dv,duckdb,open,1,1,success,14882712464,,,,14882715179,,9941174,14882712464,14882675615,894,1,,,,,661815296,2513657000,15398291732,852445000,1661212000,request/byte metrics require a separate I/O diagnostic,,,
r6-dcf2fa8-q2-scattered-dv-stage2,r6-dcf2fa8-q2-scattered-dv-stage2-00012,production.q2.scattered.dv,delta-arrow-reader,open,1,2,success,11947011817,,,,11947013120,,1774857,11947011817,11617087358,894,5,,,,,448159744,1046279000,12121671484,465644000,580635000,request/byte metrics require a separate I/O diagnostic,,,
r6-dcf2fa8-q2-scattered-dv-stage2,r6-dcf2fa8-q2-scattered-dv-stage2-00013,production.q2.scattered.dv,polars,open,1,3,success,66267000104,,,,66267003761,,492004,66267000104,66266837432,894,1,,,,,979603456,6595713000,66843495326,3695525000,2900188000,request/byte metrics require a separate I/O diagnostic,,,
r6-dcf2fa8-q2-scattered-dv-stage2,r6-dcf2fa8-q2-scattered-dv-stage2-00014,production.q2.scattered.dv,spark,open,1,4,success,21331893730,,,,21331922664,3191085678,93181061,21331893730,,894,5,,,,,448159744,2923437000,26861947244,330176000,2593261000,request/byte metrics require a separate I/O diagnostic,,,
r6-dcf2fa8-q2-scattered-dv-stage2,r6-dcf2fa8-q2-scattered-dv-stage2-00015,production.q2.scattered.dv,duckdb,open,2,0,success,14902829468,,,,14902832203,,11606046,14902829468,14902785988,894,1,,,,,712318976,2536280000,15605295685,934910000,1601370000,request/byte metrics require a separate I/O diagnostic,,,
r6-dcf2fa8-q2-scattered-dv-stage2,r6-dcf2fa8-q2-scattered-dv-stage2-00016,production.q2.scattered.dv,polars,open,2,1,success,66362059633,,,,66362062799,,333800,66362059633,66361950961,894,1,,,,,976297984,6257198000,67096907203,3434267000,2822931000,request/byte metrics require a separate I/O diagnostic,,,
r6-dcf2fa8-q2-scattered-dv-stage2,r6-dcf2fa8-q2-scattered-dv-stage2-00017,production.q2.scattered.dv,delta-rs,open,2,2,success,72078239495,,,,72078241329,,8684741,72078239495,72077029658,894,8,,,,,448159744,5539537000,72280925658,2814249000,2725288000,request/byte metrics require a separate I/O diagnostic,,,
r6-dcf2fa8-q2-scattered-dv-stage2,r6-dcf2fa8-q2-scattered-dv-stage2-00018,production.q2.scattered.dv,spark,open,2,3,success,21466192658,,,,21466213076,3259679742,423590061,21466192658,,894,5,,,,,448159744,2868713000,26999154684,317595000,2551118000,request/byte metrics require a separate I/O diagnostic,,,
r6-dcf2fa8-q2-scattered-dv-stage2,r6-dcf2fa8-q2-scattered-dv-stage2-00019,production.q2.scattered.dv,delta-arrow-reader,open,2,4,success,11988269019,,,,11988270361,,2090022,11988269019,11175885206,894,5,,,,,448159744,999242000,12162774999,440143000,559099000,request/byte metrics require a separate I/O diagnostic,,,
r6-dcf2fa8-q2-scattered-dv-stage2,r6-dcf2fa8-q2-scattered-dv-stage2-00020,production.q2.scattered.dv,polars,open,3,0,success,66287736197,,,,66287739564,,442382,66287736197,66287575449,894,1,,,,,956731392,6912905000,67038270823,3795094000,3117811000,request/byte metrics require a separate I/O diagnostic,,,
r6-dcf2fa8-q2-scattered-dv-stage2,r6-dcf2fa8-q2-scattered-dv-stage2-00021,production.q2.scattered.dv,spark,open,3,1,success,21220106782,,,,21220136056,3182943925,200968050,21220106782,,894,5,,,,,448159744,2847768000,26566627267,293048000,2554720000,request/byte metrics require a separate I/O diagnostic,,,
r6-dcf2fa8-q2-scattered-dv-stage2,r6-dcf2fa8-q2-scattered-dv-stage2-00022,production.q2.scattered.dv,duckdb,open,3,2,success,14911149345,,,,14911151819,,8590817,14911149345,14911108329,894,1,,,,,707051520,12048603000,15567779426,791504000,11257099000,request/byte metrics require a separate I/O diagnostic,,,
r6-dcf2fa8-q2-scattered-dv-stage2,r6-dcf2fa8-q2-scattered-dv-stage2-00023,production.q2.scattered.dv,delta-arrow-reader,open,3,3,success,11968107007,,,,11968108540,,1779445,11968107007,11452678489,894,5,,,,,448159744,1041611000,12168187459,469798000,571813000,request/byte metrics require a separate I/O diagnostic,,,
r6-dcf2fa8-q2-scattered-dv-stage2,r6-dcf2fa8-q2-scattered-dv-stage2-00024,production.q2.scattered.dv,delta-rs,open,3,4,success,72100937979,,,,72100939852,,10912559,72100937979,72099050813,894,8,,,,,452263936,5793908000,72312128978,2814387000,2979521000,request/byte metrics require a separate I/O diagnostic,,,
r6-dcf2fa8-q2-scattered-dv-stage2,r6-dcf2fa8-q2-scattered-dv-stage2-00025,production.q2.scattered.dv,spark,open,4,0,success,21375988080,,,,21376010211,3257903633,54919636,21375988080,,894,5,,,,,448159744,2785624000,26421318265,288166000,2497458000,request/byte metrics require a separate I/O diagnostic,,,
r6-dcf2fa8-q2-scattered-dv-stage2,r6-dcf2fa8-q2-scattered-dv-stage2-00026,production.q2.scattered.dv,delta-arrow-reader,open,4,1,success,11952404560,,,,11952405952,,1828606,11952404560,11385792525,894,5,,,,,448159744,1052849000,12119573624,442777000,610072000,request/byte metrics require a separate I/O diagnostic,,,
r6-dcf2fa8-q2-scattered-dv-stage2,r6-dcf2fa8-q2-scattered-dv-stage2-00027,production.q2.scattered.dv,polars,open,4,2,success,66285572599,,,,66285576957,,445638,66285572599,66285361266,894,1,,,,,944463872,6558827000,66857227091,3622902000,2935925000,request/byte metrics require a separate I/O diagnostic,,,
r6-dcf2fa8-q2-scattered-dv-stage2,r6-dcf2fa8-q2-scattered-dv-stage2-00028,production.q2.scattered.dv,delta-rs,open,4,3,success,72086165454,,,,72086167507,,10033215,72086165454,72085331805,894,8,,,,,448159744,5133886000,72299802806,2567369000,2566517000,request/byte metrics require a separate I/O diagnostic,,,
r6-dcf2fa8-q2-scattered-dv-stage2,r6-dcf2fa8-q2-scattered-dv-stage2-00029,production.q2.scattered.dv,duckdb,open,4,4,success,14900038215,,,,14900040690,,10635825,14900038215,14899997580,894,1,,,,,695701504,2964477000,15421648165,895208000,2069269000,request/byte metrics require a separate I/O diagnostic,,,
r6-dcf2fa8-q2-scattered-dv-stage2,r6-dcf2fa8-q2-scattered-dv-stage2-00035,production.q2.scattered.dv,delta-arrow-reader,reuse,0,0,success,,1605806257,11990448167,22344788815,22345914756,,2201037,10384641910,9843306896,894,5,10354340648,10208495468,894,5,448159744,1692861000,22539101947,759427000,933434000,request/byte metrics require a separate I/O diagnostic,,,
r6-dcf2fa8-q2-scattered-dv-stage2,r6-dcf2fa8-q2-scattered-dv-stage2-00036,production.q2.scattered.dv,delta-rs,reuse,0,1,success,,1599168116,72100266526,140435254349,140435516946,,13223341,70501098410,70500040435,894,8,68334987823,68334121694,894,8,529068032,11052359000,140678683298,5476618000,5575741000,request/byte metrics require a separate I/O diagnostic,,,
r6-dcf2fa8-q2-scattered-dv-stage2,r6-dcf2fa8-q2-scattered-dv-stage2-00037,production.q2.scattered.dv,spark,reuse,0,2,success,,6038678723,21378458121,33193390949,33193709331,3151735632,303768963,15339779398,,894,5,11814932828,,894,5,448159744,2894384000,38653161052,309474000,2584910000,request/byte metrics require a separate I/O diagnostic,,,
r6-dcf2fa8-q2-scattered-dv-stage2,r6-dcf2fa8-q2-scattered-dv-stage2-00038,production.q2.scattered.dv,duckdb,reuse,0,3,success,,1578719177,13700740375,25774431985,25774561064,,15563888,12122021198,12121987125,894,1,12073691610,12073660061,894,1,960569344,12870940000,26382453068,1290459000,11580481000,request/byte metrics require a separate I/O diagnostic,,,
r6-dcf2fa8-q2-scattered-dv-stage2,r6-dcf2fa8-q2-scattered-dv-stage2-00039,production.q2.scattered.dv,polars,reuse,0,4,success,,1604503960,66656949565,131295779059,131295917497,,440759,65052445605,65052288253,894,1,64638829494,64638646014,894,1,1005404160,12946706000,132159521656,7267379000,5679327000,request/byte metrics require a separate I/O diagnostic,,,
r6-dcf2fa8-q2-scattered-dv-stage2,r6-dcf2fa8-q2-scattered-dv-stage2-00040,production.q2.scattered.dv,delta-rs,reuse,1,0,success,,1603139104,72085856931,140414268338,140414546245,,13220386,70482717827,70481020344,894,8,68328411407,68326911231,894,8,509669376,10875456000,140630093178,5442149000,5433307000,request/byte metrics require a separate I/O diagnostic,,,
r6-dcf2fa8-q2-scattered-dv-stage2,r6-dcf2fa8-q2-scattered-dv-stage2-00041,production.q2.scattered.dv,duckdb,reuse,1,1,success,,1589780409,13674908096,25751975582,25752111054,,13363180,12085127687,12085085689,894,1,12077067486,12077034735,894,1,909189120,4052893000,26259346661,1442143000,2610750000,request/byte metrics require a separate I/O diagnostic,,,
r6-dcf2fa8-q2-scattered-dv-stage2,r6-dcf2fa8-q2-scattered-dv-stage2-00042,production.q2.scattered.dv,delta-arrow-reader,reuse,1,2,success,,1605233145,11986554571,22344141167,22345236932,,1974898,10381321426,9870856580,894,5,10357586596,9794931564,894,5,448159744,1811469000,22512899535,788824000,1022645000,request/byte metrics require a separate I/O diagnostic,,,
r6-dcf2fa8-q2-scattered-dv-stage2,r6-dcf2fa8-q2-scattered-dv-stage2-00043,production.q2.scattered.dv,polars,reuse,1,3,success,,1602468496,66606255658,131839781776,131839935201,,574808,65003787162,65003657030,894,1,65233526118,65233331076,894,1,996528128,12236719000,132443781772,6931141000,5305578000,request/byte metrics require a separate I/O diagnostic,,,
r6-dcf2fa8-q2-scattered-dv-stage2,r6-dcf2fa8-q2-scattered-dv-stage2-00044,production.q2.scattered.dv,spark,reuse,1,4,success,,6010158392,21245654916,33040724318,33040984301,3205094249,342445029,15235496524,,894,5,11795069402,,894,5,448159744,2829623000,38481806670,333775000,2495848000,request/byte metrics require a separate I/O diagnostic,,,
r6-dcf2fa8-q2-scattered-dv-stage2,r6-dcf2fa8-q2-scattered-dv-stage2-00045,production.q2.scattered.dv,duckdb,reuse,2,0,success,,1582348899,13703102794,25778132671,25778278713,,13263996,12120753895,12120713059,894,1,12075029877,12074998970,894,1,960872448,3632053000,26274943606,1446520000,2185533000,request/byte metrics require a separate I/O diagnostic,,,
r6-dcf2fa8-q2-scattered-dv-stage2,r6-dcf2fa8-q2-scattered-dv-stage2-00046,production.q2.scattered.dv,polars,reuse,2,1,success,,1604188495,66313627277,131279549585,131279922559,,473960,64709438782,64709292861,894,1,64965922308,64965779533,894,1,972259328,12457250000,131897637107,6980422000,5476828000,request/byte metrics require a separate I/O diagnostic,,,
r6-dcf2fa8-q2-scattered-dv-stage2,r6-dcf2fa8-q2-scattered-dv-stage2-00047,production.q2.scattered.dv,delta-rs,reuse,2,2,success,,1603077954,72093598691,140438567988,140438836086,,15321939,70490520737,70489541318,894,8,68344969297,68343290689,894,8,566317056,10984453000,140649631723,5512143000,5472310000,request/byte metrics require a separate I/O diagnostic,,,
r6-dcf2fa8-q2-scattered-dv-stage2,r6-dcf2fa8-q2-scattered-dv-stage2-00048,production.q2.scattered.dv,spark,reuse,2,3,success,,6042075626,21370915475,33132538397,33132792108,3139284715,344625155,15328839849,,894,5,11761622922,,894,5,448159744,2824576000,38381119272,297459000,2527117000,request/byte metrics require a separate I/O diagnostic,,,
r6-dcf2fa8-q2-scattered-dv-stage2,r6-dcf2fa8-q2-scattered-dv-stage2-00049,production.q2.scattered.dv,delta-arrow-reader,reuse,2,4,success,,1604135934,11953832483,22304251658,22305094794,,1853593,10349696549,9859620403,894,5,10350419175,10216370573,894,5,448159744,1685644000,22484477740,756915000,928729000,request/byte metrics require a separate I/O diagnostic,,,
r6-dcf2fa8-q2-scattered-dv-stage2,r6-dcf2fa8-q2-scattered-dv-stage2-00050,production.q2.scattered.dv,polars,reuse,3,0,success,,1602726359,66462346680,131323996079,131324143062,,341415,64859620321,64859463780,894,1,64861649399,64861524928,894,1,975233024,12008756000,132136724878,6848319000,5160437000,request/byte metrics require a separate I/O diagnostic,,,
r6-dcf2fa8-q2-scattered-dv-stage2,r6-dcf2fa8-q2-scattered-dv-stage2-00051,production.q2.scattered.dv,spark,reuse,3,1,success,,6098009917,21370272315,33147183441,33147419740,3165393240,307849549,15272262398,,894,5,11776911126,,894,5,448159744,2857984000,38574472619,331601000,2526383000,request/byte metrics require a separate I/O diagnostic,,,
r6-dcf2fa8-q2-scattered-dv-stage2,r6-dcf2fa8-q2-scattered-dv-stage2-00052,production.q2.scattered.dv,duckdb,reuse,3,2,success,,1586221643,13698766258,25784800916,25784944613,,17304190,12112544615,12112508788,894,1,12086034658,12086000675,894,1,959733760,22702301000,26379777704,1150842000,21551459000,request/byte metrics require a separate I/O diagnostic,,,
r6-dcf2fa8-q2-scattered-dv-stage2,r6-dcf2fa8-q2-scattered-dv-stage2-00053,production.q2.scattered.dv,delta-arrow-reader,reuse,3,3,success,,1605268060,11976645613,22317271086,22318383602,,2126770,10371377553,9861681215,894,5,10340625473,10216008169,894,5,448159744,1723846000,22505365090,806958000,916888000,request/byte metrics require a separate I/O diagnostic,,,
r6-dcf2fa8-q2-scattered-dv-stage2,r6-dcf2fa8-q2-scattered-dv-stage2-00054,production.q2.scattered.dv,delta-rs,reuse,3,4,success,,1607844355,72095799920,140450149837,140450421471,,13518600,70487955565,70486008208,894,8,68354349917,68353414220,894,8,621858816,10950275000,140660175929,5557547000,5392728000,request/byte metrics require a separate I/O diagnostic,,,
r6-dcf2fa8-q2-scattered-dv-stage2,r6-dcf2fa8-q2-scattered-dv-stage2-00055,production.q2.scattered.dv,spark,reuse,4,0,success,,6076700010,21364262545,33177591737,33177834999,3164833170,261754091,15287562535,,894,5,11813329192,,894,5,448159744,2840919000,38378247567,310041000,2530878000,request/byte metrics require a separate I/O diagnostic,,,
r6-dcf2fa8-q2-scattered-dv-stage2,r6-dcf2fa8-q2-scattered-dv-stage2-00056,production.q2.scattered.dv,delta-arrow-reader,reuse,4,1,success,,1603599692,11957314251,22306414647,22307374789,,2017307,10353714559,10115241859,894,5,10349100396,10071387914,894,5,448159744,1740362000,22488327530,783646000,956716000,request/byte metrics require a separate I/O diagnostic,,,
r6-dcf2fa8-q2-scattered-dv-stage2,r6-dcf2fa8-q2-scattered-dv-stage2-00057,production.q2.scattered.dv,polars,reuse,4,2,success,,1606194510,66620631115,131919971800,131920090150,,370678,65014436605,65014328544,894,1,65299340685,65299198852,894,1,1002729472,12551282000,132613848294,7104775000,5446507000,request/byte metrics require a separate I/O diagnostic,,,
r6-dcf2fa8-q2-scattered-dv-stage2,r6-dcf2fa8-q2-scattered-dv-stage2-00058,production.q2.scattered.dv,delta-rs,reuse,4,3,success,,1602804653,72075006585,140445039357,140445302275,,21029179,70472201932,70470680836,894,8,68370032772,68367992473,894,8,613175296,10891308000,140676287446,5497146000,5394162000,request/byte metrics require a separate I/O diagnostic,,,
r6-dcf2fa8-q2-scattered-dv-stage2,r6-dcf2fa8-q2-scattered-dv-stage2-00059,production.q2.scattered.dv,duckdb,reuse,4,4,success,,1590540403,13693118944,25767510331,25767645101,,15035447,12102578541,12102534249,894,1,12074391387,12074358216,894,1,912052224,12958655000,26288072441,1200405000,11758250000,request/byte metrics require a separate I/O diagnostic,,,
r6-adf4f54-q2-localized-gatewarm-r2,r6-adf4f54-q2-localized-gatewarm-r2-00000,production.q2.localized,delta-arrow-reader,open,0,0,success,5615979517,,,,5615981000,,3027583,5615979517,5159236929,895,5,,,,,419315712,619151000,5796303462,243757000,375394000,request/byte metrics require a separate I/O diagnostic,,,
r6-adf4f54-q2-localized-gatewarm-r2,r6-adf4f54-q2-localized-gatewarm-r2-00001,production.q2.localized,delta-rs,open,0,1,success,11584834705,,,,11584836950,,1811113,11584834705,11319488799,895,5,,,,,419315712,1026967000,11791335799,474598000,552369000,request/byte metrics require a separate I/O diagnostic,,,
r6-adf4f54-q2-localized-gatewarm-r2,r6-adf4f54-q2-localized-gatewarm-r2-00002,production.q2.localized,spark,open,0,2,success,16342144938,,,,16342169524,3140757282,101239031,16342144938,,895,5,,,,,419315712,2830076000,21352197820,300417000,2529659000,request/byte metrics require a separate I/O diagnostic,,,
r6-adf4f54-q2-localized-gatewarm-r2,r6-adf4f54-q2-localized-gatewarm-r2-00003,production.q2.localized,duckdb,open,0,3,success,12865442831,,,,12865444945,,7047129,12865442831,12865413357,895,1,,,,,670236672,11867526000,13380682745,694765000,11172761000,request/byte metrics require a separate I/O diagnostic,,,
r6-adf4f54-q2-localized-gatewarm-r2,r6-adf4f54-q2-localized-gatewarm-r2-00004,production.q2.localized,polars,open,0,4,success,11451408699,,,,11451412536,,328340,11451408699,11451290319,895,1,,,,,419315712,1527942000,12017224407,650551000,877391000,request/byte metrics require a separate I/O diagnostic,,,
r6-adf4f54-q2-localized-gatewarm-r2,r6-adf4f54-q2-localized-gatewarm-r2-00005,production.q2.localized,delta-rs,open,1,0,success,11585046249,,,,11585048884,,2135186,11585046249,11360155260,895,5,,,,,419315712,989231000,11787032237,471496000,517735000,request/byte metrics require a separate I/O diagnostic,,,
r6-adf4f54-q2-localized-gatewarm-r2,r6-adf4f54-q2-localized-gatewarm-r2-00006,production.q2.localized,duckdb,open,1,1,success,12847104189,,,,12847106353,,9750560,12847104189,12847077209,895,1,,,,,595165184,2045394000,13333790630,844846000,1200548000,request/byte metrics require a separate I/O diagnostic,,,
r6-adf4f54-q2-localized-gatewarm-r2,r6-adf4f54-q2-localized-gatewarm-r2-00007,production.q2.localized,delta-arrow-reader,open,1,2,success,5556926099,,,,5556927832,,3740207,5556926099,5243183375,895,5,,,,,419315712,616283000,5731283032,258275000,358008000,request/byte metrics require a separate I/O diagnostic,,,
r6-adf4f54-q2-localized-gatewarm-r2,r6-adf4f54-q2-localized-gatewarm-r2-00008,production.q2.localized,polars,open,1,3,success,11463804902,,,,11463808008,,302572,11463804902,11463693445,895,1,,,,,419315712,1406401000,12026625818,569872000,836529000,request/byte metrics require a separate I/O diagnostic,,,
r6-adf4f54-q2-localized-gatewarm-r2,r6-adf4f54-q2-localized-gatewarm-r2-00009,production.q2.localized,spark,open,1,4,success,16356507229,,,,16356530382,3098027271,124383868,16356507229,,895,5,,,,,419315712,2809562000,21334212822,311582000,2497980000,request/byte metrics require a separate I/O diagnostic,,,
r6-adf4f54-q2-localized-gatewarm-r2,r6-adf4f54-q2-localized-gatewarm-r2-00010,production.q2.localized,duckdb,open,2,0,success,12857035046,,,,12857038002,,7742259,12857035046,12857001865,895,1,,,,,656543744,2106000000,13365228573,869279000,1236721000,request/byte metrics require a separate I/O diagnostic,,,
r6-adf4f54-q2-localized-gatewarm-r2,r6-adf4f54-q2-localized-gatewarm-r2-00011,production.q2.localized,polars,open,2,1,success,11524058782,,,,11524061808,,377401,11524058782,11523935353,895,1,,,,,419315712,1375751000,12083277849,537572000,838179000,request/byte metrics require a separate I/O diagnostic,,,
r6-adf4f54-q2-localized-gatewarm-r2,r6-adf4f54-q2-localized-gatewarm-r2-00012,production.q2.localized,delta-rs,open,2,2,success,11576103655,,,,11576107382,,1637822,11576103655,11351288126,895,5,,,,,419315712,985432000,11764841738,453087000,532345000,request/byte metrics require a separate I/O diagnostic,,,
r6-adf4f54-q2-localized-gatewarm-r2,r6-adf4f54-q2-localized-gatewarm-r2-00013,production.q2.localized,spark,open,2,3,success,16304800665,,,,16304820702,3125085135,192320186,16304800665,,895,5,,,,,419315712,2843886000,21387672001,305271000,2538615000,request/byte metrics require a separate I/O diagnostic,,,
r6-adf4f54-q2-localized-gatewarm-r2,r6-adf4f54-q2-localized-gatewarm-r2-00014,production.q2.localized,delta-arrow-reader,open,2,4,success,5604979320,,,,5604980563,,5667607,5604979320,5162534548,895,5,,,,,419315712,611156000,5784293260,248350000,362806000,request/byte metrics require a separate I/O diagnostic,,,
r6-adf4f54-q2-localized-gatewarm-r2,r6-adf4f54-q2-localized-gatewarm-r2-00015,production.q2.localized,polars,open,3,0,success,11451540188,,,,11451542603,,292032,11451540188,11451443539,895,1,,,,,419315712,1411282000,12004407798,577639000,833643000,request/byte metrics require a separate I/O diagnostic,,,
r6-adf4f54-q2-localized-gatewarm-r2,r6-adf4f54-q2-localized-gatewarm-r2-00016,production.q2.localized,spark,open,3,1,success,16584673279,,,,16584706410,3204952723,320996616,16584673279,,895,5,,,,,419315712,2809890000,21864285653,312522000,2497368000,request/byte metrics require a separate I/O diagnostic,,,
r6-adf4f54-q2-localized-gatewarm-r2,r6-adf4f54-q2-localized-gatewarm-r2-00017,production.q2.localized,duckdb,open,3,2,success,12853135760,,,,12853138154,,10052580,12853135760,12853105834,895,1,,,,,593891328,2346190000,13334920777,854375000,1491815000,request/byte metrics require a separate I/O diagnostic,,,
r6-adf4f54-q2-localized-gatewarm-r2,r6-adf4f54-q2-localized-gatewarm-r2-00018,production.q2.localized,delta-arrow-reader,open,3,3,success,5595127242,,,,5595128534,,3082014,5595127242,5149039963,895,5,,,,,419315712,610449000,5765446809,240896000,369553000,request/byte metrics require a separate I/O diagnostic,,,
r6-adf4f54-q2-localized-gatewarm-r2,r6-adf4f54-q2-localized-gatewarm-r2-00019,production.q2.localized,delta-rs,open,3,4,success,11584075099,,,,11584077694,,1725465,11584075099,11357834342,895,5,,,,,419315712,1027442000,11791869707,448672000,578770000,request/byte metrics require a separate I/O diagnostic,,,
r6-adf4f54-q2-localized-gatewarm-r2,r6-adf4f54-q2-localized-gatewarm-r2-00020,production.q2.localized,spark,open,4,0,success,16367735198,,,,16367763971,3150827187,68543292,16367735198,,895,5,,,,,419315712,2782633000,21318514820,284433000,2498200000,request/byte metrics require a separate I/O diagnostic,,,
r6-adf4f54-q2-localized-gatewarm-r2,r6-adf4f54-q2-localized-gatewarm-r2-00021,production.q2.localized,delta-arrow-reader,open,4,1,success,5586345508,,,,5586346951,,4201353,5586345508,5126661016,895,5,,,,,419315712,605787000,5768917321,246799000,358988000,request/byte metrics require a separate I/O diagnostic,,,
r6-adf4f54-q2-localized-gatewarm-r2,r6-adf4f54-q2-localized-gatewarm-r2-00022,production.q2.localized,polars,open,4,2,success,11454052277,,,,11454055843,,322259,11454052277,11453931382,895,1,,,,,419315712,1235224000,12017800753,470492000,764732000,request/byte metrics require a separate I/O diagnostic,,,
r6-adf4f54-q2-localized-gatewarm-r2,r6-adf4f54-q2-localized-gatewarm-r2-00023,production.q2.localized,delta-rs,open,4,3,success,11576827549,,,,11576829943,,2284062,11576827549,11348825881,895,5,,,,,419315712,1005317000,11780942754,479577000,525740000,request/byte metrics require a separate I/O diagnostic,,,
r6-adf4f54-q2-localized-gatewarm-r2,r6-adf4f54-q2-localized-gatewarm-r2-00024,production.q2.localized,duckdb,open,4,4,success,12856167802,,,,12856170067,,9823855,12856167802,12856132898,895,1,,,,,650702848,2257341000,13354393847,829990000,1427351000,request/byte metrics require a separate I/O diagnostic,,,
r6-adf4f54-q2-localized-gatewarm-r2,r6-adf4f54-q2-localized-gatewarm-r2-00025,production.q2.localized,delta-arrow-reader,reuse,0,0,success,,1207277415,5641131171,9406752020,9407798824,,5452075,4433853756,4034971170,895,5,3765620849,3619813276,895,5,419315712,967284000,9590230126,400831000,566453000,request/byte metrics require a separate I/O diagnostic,,,
r6-adf4f54-q2-localized-gatewarm-r2,r6-adf4f54-q2-localized-gatewarm-r2-00026,production.q2.localized,delta-rs,reuse,0,1,success,,1214994347,11592898757,21495211982,21495904899,,1759829,10377904410,9845592359,895,5,9902313225,9356404843,895,5,419315712,1803924000,21705629852,859920000,944004000,request/byte metrics require a separate I/O diagnostic,,,
r6-adf4f54-q2-localized-gatewarm-r2,r6-adf4f54-q2-localized-gatewarm-r2-00027,production.q2.localized,spark,reuse,0,2,success,,6052981485,16565925127,24300719933,24300973483,3170955030,154400892,10512943642,,895,5,7734794806,,895,5,419315712,2836768000,29407531545,323620000,2513148000,request/byte metrics require a separate I/O diagnostic,,,
r6-adf4f54-q2-localized-gatewarm-r2,r6-adf4f54-q2-localized-gatewarm-r2-00028,production.q2.localized,duckdb,reuse,0,3,success,,1199421945,12046539014,22862199399,22862334270,,9818936,10847117069,10847088195,895,1,10815660385,10815634567,895,1,772083712,22293916000,23361495641,1038796000,21255120000,request/byte metrics require a separate I/O diagnostic,,,
r6-adf4f54-q2-localized-gatewarm-r2,r6-adf4f54-q2-localized-gatewarm-r2-00029,production.q2.localized,polars,reuse,0,4,success,,1211857902,11449329152,21672968121,21673083585,,302301,10237471250,10237366906,895,1,10223638969,10223538853,895,1,419315712,1876146000,22242584124,846985000,1029161000,request/byte metrics require a separate I/O diagnostic,,,
r6-adf4f54-q2-localized-gatewarm-r2,r6-adf4f54-q2-localized-gatewarm-r2-00030,production.q2.localized,delta-rs,reuse,1,0,success,,1212517047,11603700279,21500491127,21501333741,,1673789,10391183232,10162236309,895,5,9896790848,9456442618,895,5,419315712,1698939000,21712810427,843848000,855091000,request/byte metrics require a separate I/O diagnostic,,,
r6-adf4f54-q2-localized-gatewarm-r2,r6-adf4f54-q2-localized-gatewarm-r2-00031,production.q2.localized,duckdb,reuse,1,1,success,,1201458466,12048842462,22878603685,22878766267,,12721567,10847383996,10847336077,895,1,10829761223,10829738080,895,1,804257792,22260485000,23372880946,1035284000,21225201000,request/byte metrics require a separate I/O diagnostic,,,
r6-adf4f54-q2-localized-gatewarm-r2,r6-adf4f54-q2-localized-gatewarm-r2-00032,production.q2.localized,delta-arrow-reader,reuse,1,2,success,,1205356657,5595296516,9367144048,9367865157,,4696362,4389939859,3952467760,895,5,3771847532,3620470647,895,5,419315712,891807000,9542473730,340737000,551070000,request/byte metrics require a separate I/O diagnostic,,,
r6-adf4f54-q2-localized-gatewarm-r2,r6-adf4f54-q2-localized-gatewarm-r2-00033,production.q2.localized,polars,reuse,1,3,success,,1210810035,11448555805,21671444842,21671592887,,315977,10237745770,10237650093,895,1,10222889037,10222764185,895,1,419315712,1966699000,22233800411,879025000,1087674000,request/byte metrics require a separate I/O diagnostic,,,
r6-adf4f54-q2-localized-gatewarm-r2,r6-adf4f54-q2-localized-gatewarm-r2-00034,production.q2.localized,spark,reuse,1,4,success,,6012333476,16298572504,23799103500,23799354487,3243942336,106197285,10286239028,,895,5,7500530996,,895,5,419315712,2853713000,28950350572,286377000,2567336000,request/byte metrics require a separate I/O diagnostic,,,
r6-adf4f54-q2-localized-gatewarm-r2,r6-adf4f54-q2-localized-gatewarm-r2-00035,production.q2.localized,duckdb,reuse,2,0,success,,1199288027,12059983915,22886326760,22886475336,,7341335,10860695888,10860661574,895,1,10826342845,10826311878,895,1,757538816,12579517000,23382115748,1164983000,11414534000,request/byte metrics require a separate I/O diagnostic,,,
r6-adf4f54-q2-localized-gatewarm-r2,r6-adf4f54-q2-localized-gatewarm-r2-00036,production.q2.localized,polars,reuse,2,1,success,,1217586698,11461393818,21683035838,21683177081,,296290,10243807120,10243682679,895,1,10221642020,10221517008,895,1,419315712,2193479000,22242543799,1036823000,1156656000,request/byte metrics require a separate I/O diagnostic,,,
r6-adf4f54-q2-localized-gatewarm-r2,r6-adf4f54-q2-localized-gatewarm-r2-00037,production.q2.localized,delta-rs,reuse,2,2,success,,1216331641,11595629118,21489826249,21490423729,,1895701,10379297477,10066178905,895,5,9894197131,9449455612,895,5,419315712,1711952000,21693571066,834801000,877151000,request/byte metrics require a separate I/O diagnostic,,,
r6-adf4f54-q2-localized-gatewarm-r2,r6-adf4f54-q2-localized-gatewarm-r2-00038,production.q2.localized,spark,reuse,2,3,success,,6005955763,16308361606,23834072178,23834339143,3192397194,89833384,10302405843,,895,5,7525710572,,895,5,419315712,2828277000,28883786857,288378000,2539899000,request/byte metrics require a separate I/O diagnostic,,,
r6-adf4f54-q2-localized-gatewarm-r2,r6-adf4f54-q2-localized-gatewarm-r2-00039,production.q2.localized,delta-arrow-reader,reuse,2,4,success,,1208675769,5585309037,9368538789,9369236794,,3450568,4376633268,4094640063,895,5,3783229752,3630149743,895,5,419315712,941084000,9546325975,390402000,550682000,request/byte metrics require a separate I/O diagnostic,,,
r6-adf4f54-q2-localized-gatewarm-r2,r6-adf4f54-q2-localized-gatewarm-r2-00040,production.q2.localized,polars,reuse,3,0,success,,1213669644,11454220707,21678703443,21678852139,,349399,10240551063,10240459974,895,1,10224482736,10224321848,895,1,419315712,2071595000,22260139450,935901000,1135694000,request/byte metrics require a separate I/O diagnostic,,,
r6-adf4f54-q2-localized-gatewarm-r2,r6-adf4f54-q2-localized-gatewarm-r2-00041,production.q2.localized,spark,reuse,3,1,success,,6120901889,16544522638,23935487232,23935850907,3260842635,25130133,10423620749,,895,5,7390964594,,895,5,419315712,2840506000,29002968519,339715000,2500791000,request/byte metrics require a separate I/O diagnostic,,,
r6-adf4f54-q2-localized-gatewarm-r2,r6-adf4f54-q2-localized-gatewarm-r2-00042,production.q2.localized,duckdb,reuse,3,2,success,,1200572863,12044709847,22861574590,22861714549,,12960191,10844136984,10844107329,895,1,10816864743,10816833966,895,1,765816832,12568924000,23387074427,1192236000,11376688000,request/byte metrics require a separate I/O diagnostic,,,
r6-adf4f54-q2-localized-gatewarm-r2,r6-adf4f54-q2-localized-gatewarm-r2-00043,production.q2.localized,delta-arrow-reader,reuse,3,3,success,,1211341914,5608673250,9376493243,9377770925,,6106230,4397331336,3952224928,895,5,3767819993,3655873730,895,5,419315712,941580000,9562192865,360568000,581012000,request/byte metrics require a separate I/O diagnostic,,,
r6-adf4f54-q2-localized-gatewarm-r2,r6-adf4f54-q2-localized-gatewarm-r2-00044,production.q2.localized,delta-rs,reuse,3,4,success,,1209987819,11595014887,21491104222,21491648894,,6793056,10385027068,10065074053,895,5,9896089335,9445256062,895,5,419315712,1745013000,21704916847,830704000,914309000,request/byte metrics require a separate I/O diagnostic,,,
r6-adf4f54-q2-localized-gatewarm-r2,r6-adf4f54-q2-localized-gatewarm-r2-00045,production.q2.localized,spark,reuse,4,0,success,,5982687540,16229582743,23725519818,23725873084,3167537572,236382404,10246895203,,895,5,7495937075,,895,5,419315712,2853543000,28907023545,290185000,2563358000,request/byte metrics require a separate I/O diagnostic,,,
r6-adf4f54-q2-localized-gatewarm-r2,r6-adf4f54-q2-localized-gatewarm-r2-00046,production.q2.localized,delta-arrow-reader,reuse,4,1,success,,1216972401,5579648674,9341580189,9342590375,,3705141,4362676273,4168756074,895,5,3761931515,3623721133,895,5,419315712,962715000,9523071225,395072000,567643000,request/byte metrics require a separate I/O diagnostic,,,
r6-adf4f54-q2-localized-gatewarm-r2,r6-adf4f54-q2-localized-gatewarm-r2-00047,production.q2.localized,polars,reuse,4,2,success,,1214261895,11463571514,21690456011,21690707498,,318311,10249309619,10249146235,895,1,10226884497,10226782939,895,1,419315712,2098090000,22261416391,963066000,1135024000,request/byte metrics require a separate I/O diagnostic,,,
r6-adf4f54-q2-localized-gatewarm-r2,r6-adf4f54-q2-localized-gatewarm-r2-00048,production.q2.localized,delta-rs,reuse,4,3,success,,1213211105,11600852239,21496244440,21496970427,,1353584,10387641134,10168814727,895,5,9895392201,9459638935,895,5,419315712,1735035000,21717469742,824994000,910041000,request/byte metrics require a separate I/O diagnostic,,,
r6-adf4f54-q2-localized-gatewarm-r2,r6-adf4f54-q2-localized-gatewarm-r2-00049,production.q2.localized,duckdb,reuse,4,4,success,,1197084755,12042423791,22867589701,22867722647,,13477592,10845339036,10845308098,895,1,10825165910,10825140052,895,1,832512000,12784168000,23366871474,1190915000,11593253000,request/byte metrics require a separate I/O diagnostic,,,
r6-09b262a-q2-localized-dv-staged,r6-09b262a-q2-localized-dv-staged-00000,production.q2.localized.dv,delta-arrow-reader,open,0,0,success,6349374403,,,,6349376217,,4005149,6349374403,6000028365,894,5,,,,,417394688,650813000,6521705001,269155000,381658000,request/byte metrics require a separate I/O diagnostic,,,
r6-09b262a-q2-localized-dv-staged,r6-09b262a-q2-localized-dv-staged-00001,production.q2.localized.dv,delta-rs,open,0,1,success,71559327476,,,,71559329179,,9447247,71559327476,71557394075,894,4,,,,,417394688,5590680000,71763134818,2773145000,2817535000,request/byte metrics require a separate I/O diagnostic,,,
r6-09b262a-q2-localized-dv-staged,r6-09b262a-q2-localized-dv-staged-00002,production.q2.localized.dv,spark,open,0,2,success,19066148028,,,,19066170980,3187898253,362449164,19066148028,,894,5,,,,,417394688,2817747000,24371212423,315897000,2501850000,request/byte metrics require a separate I/O diagnostic,,,
r6-09b262a-q2-localized-dv-staged,r6-09b262a-q2-localized-dv-staged-00003,production.q2.localized.dv,duckdb,open,0,3,success,14976900592,,,,14976902676,,11889824,14976900592,14976870416,894,1,,,,,636809216,2221290000,15481676727,830240000,1391050000,request/byte metrics require a separate I/O diagnostic,,,
r6-09b262a-q2-localized-dv-staged,r6-09b262a-q2-localized-dv-staged-00004,production.q2.localized.dv,polars,open,0,4,success,66410759295,,,,66410761659,,326927,66410759295,66410403324,894,1,,,,,1040986112,6525855000,67007737170,3659446000,2866409000,request/byte metrics require a separate I/O diagnostic,,,
r6-09b262a-q2-localized-dv-staged,r6-09b262a-q2-localized-dv-staged-00005,production.q2.localized.dv,delta-rs,open,1,0,success,71550822437,,,,71550824711,,13654180,71550822437,71550111937,894,4,,,,,417394688,5533324000,71767691338,2743331000,2789993000,request/byte metrics require a separate I/O diagnostic,,,
r6-09b262a-q2-localized-dv-staged,r6-09b262a-q2-localized-dv-staged-00006,production.q2.localized.dv,duckdb,open,1,1,success,14963328461,,,,14963330665,,8160637,14963328461,14963298536,894,1,,,,,637886464,2120109000,15483116269,817877000,1302232000,request/byte metrics require a separate I/O diagnostic,,,
r6-09b262a-q2-localized-dv-staged,r6-09b262a-q2-localized-dv-staged-00007,production.q2.localized.dv,delta-arrow-reader,open,1,2,success,6347779632,,,,6347781075,,6055908,6347779632,6163298587,894,5,,,,,417394688,629994000,6528742703,259041000,370953000,request/byte metrics require a separate I/O diagnostic,,,
r6-09b262a-q2-localized-dv-staged,r6-09b262a-q2-localized-dv-staged-00008,production.q2.localized.dv,polars,open,1,3,success,66462861050,,,,66462864557,,334511,66462861050,66462567275,894,1,,,,,1060872192,6467181000,67084168133,3576371000,2890810000,request/byte metrics require a separate I/O diagnostic,,,
r6-09b262a-q2-localized-dv-staged,r6-09b262a-q2-localized-dv-staged-00009,production.q2.localized.dv,spark,open,1,4,success,19040550056,,,,19040578659,3151146583,412250683,19040550056,,894,5,,,,,417394688,2839431000,24381299231,342266000,2497165000,request/byte metrics require a separate I/O diagnostic,,,
r6-09b262a-q2-localized-dv-staged,r6-09b262a-q2-localized-dv-staged-00010,production.q2.localized.dv,duckdb,open,2,0,success,14967853511,,,,14967855544,,13226286,14967853511,14967817203,894,1,,,,,635265024,2262398000,15482545422,909855000,1352543000,request/byte metrics require a separate I/O diagnostic,,,
r6-09b262a-q2-localized-dv-staged,r6-09b262a-q2-localized-dv-staged-00011,production.q2.localized.dv,polars,open,2,1,success,66123535314,,,,66123538871,,455586,66123535314,66123145660,894,1,,,,,1046077440,6477031000,66714585199,3554393000,2922638000,request/byte metrics require a separate I/O diagnostic,,,
r6-09b262a-q2-localized-dv-staged,r6-09b262a-q2-localized-dv-staged-00012,production.q2.localized.dv,delta-rs,open,2,2,success,71563476898,,,,71563478501,,12857661,71563476898,71562995163,894,4,,,,,417394688,5571631000,71789276537,2833301000,2738330000,request/byte metrics require a separate I/O diagnostic,,,
r6-09b262a-q2-localized-dv-staged,r6-09b262a-q2-localized-dv-staged-00013,production.q2.localized.dv,spark,open,2,3,success,19152428781,,,,19152450040,3228661996,332305727,19152428781,,894,5,,,,,417394688,2818306000,24458265842,304039000,2514267000,request/byte metrics require a separate I/O diagnostic,,,
r6-09b262a-q2-localized-dv-staged,r6-09b262a-q2-localized-dv-staged-00014,production.q2.localized.dv,delta-arrow-reader,open,2,4,success,6152795584,,,,6152796595,,4458311,6152795584,5913867039,894,5,,,,,417394688,664617000,6330755217,259404000,405213000,request/byte metrics require a separate I/O diagnostic,,,
r6-09b262a-q2-localized-dv-staged,r6-09b262a-q2-localized-dv-staged-00015,production.q2.localized.dv,polars,open,3,0,success,66346561368,,,,66346565515,,330213,66346561368,66346141708,894,1,,,,,992387072,6475500000,66931764312,3641431000,2834069000,request/byte metrics require a separate I/O diagnostic,,,
r6-09b262a-q2-localized-dv-staged,r6-09b262a-q2-localized-dv-staged-00016,production.q2.localized.dv,spark,open,3,1,success,18997686117,,,,18997708699,3185541126,422606747,18997686117,,894,5,,,,,417394688,2817354000,24375688765,322248000,2495106000,request/byte metrics require a separate I/O diagnostic,,,
r6-09b262a-q2-localized-dv-staged,r6-09b262a-q2-localized-dv-staged-00017,production.q2.localized.dv,duckdb,open,3,2,success,14970560011,,,,14970562395,,9618274,14970560011,14970528152,894,1,,,,,649170944,2105740000,15464278978,848876000,1256864000,request/byte metrics require a separate I/O diagnostic,,,
r6-09b262a-q2-localized-dv-staged,r6-09b262a-q2-localized-dv-staged-00018,production.q2.localized.dv,delta-arrow-reader,open,3,3,success,6152871227,,,,6152872459,,4346614,6152871227,5878849924,894,5,,,,,417394688,639714000,6326280158,259932000,379782000,request/byte metrics require a separate I/O diagnostic,,,
r6-09b262a-q2-localized-dv-staged,r6-09b262a-q2-localized-dv-staged-00019,production.q2.localized.dv,delta-rs,open,3,4,success,71565967334,,,,71565968987,,14854420,71565967334,71565465632,894,4,,,,,435769344,5746442000,71785963353,2774468000,2971974000,request/byte metrics require a separate I/O diagnostic,,,
r6-09b262a-q2-localized-dv-staged,r6-09b262a-q2-localized-dv-staged-00020,production.q2.localized.dv,spark,open,4,0,success,19175695165,,,,19175717607,3170175325,261996869,19175695165,,894,5,,,,,417394688,2805474000,24351583164,312225000,2493249000,request/byte metrics require a separate I/O diagnostic,,,
r6-09b262a-q2-localized-dv-staged,r6-09b262a-q2-localized-dv-staged-00021,production.q2.localized.dv,delta-arrow-reader,open,4,1,success,6180740507,,,,6180741699,,5137863,6180740507,5826312872,894,5,,,,,417394688,659866000,6353008047,273556000,386310000,request/byte metrics require a separate I/O diagnostic,,,
r6-09b262a-q2-localized-dv-staged,r6-09b262a-q2-localized-dv-staged-00022,production.q2.localized.dv,polars,open,4,2,success,66347544291,,,,66347547517,,337827,66347544291,66347255144,894,1,,,,,1073901568,6362377000,66941059595,3552392000,2809985000,request/byte metrics require a separate I/O diagnostic,,,
r6-09b262a-q2-localized-dv-staged,r6-09b262a-q2-localized-dv-staged-00023,production.q2.localized.dv,delta-rs,open,4,3,success,71565722256,,,,71565724080,,9811594,71565722256,71563905522,894,4,,,,,417394688,5670324000,71774990221,2799738000,2870586000,request/byte metrics require a separate I/O diagnostic,,,
r6-09b262a-q2-localized-dv-staged,r6-09b262a-q2-localized-dv-staged-00024,production.q2.localized.dv,duckdb,open,4,4,success,14968086976,,,,14968089110,,11276665,14968086976,14968052332,894,1,,,,,578572288,11913437000,15489690727,759915000,11153522000,request/byte metrics require a separate I/O diagnostic,,,
r6-09b262a-q2-localized-dv-staged,r6-09b262a-q2-localized-dv-staged-00025,production.q2.localized.dv,delta-arrow-reader,reuse,0,0,success,,1653274926,6326013426,10421653109,10422495224,,3715561,4672738500,4162284959,894,5,4095639683,3845967014,894,5,417394688,993079000,10598956280,366591000,626488000,request/byte metrics require a separate I/O diagnostic,,,
r6-09b262a-q2-localized-dv-staged,r6-09b262a-q2-localized-dv-staged-00026,production.q2.localized.dv,delta-rs,reuse,0,1,success,,1651730279,71578019334,139345297464,139345692497,,15468571,69926289055,69925356953,894,4,67767278130,67766878418,894,4,499724288,10869902000,139573281528,5430070000,5439832000,request/byte metrics require a separate I/O diagnostic,,,
r6-09b262a-q2-localized-dv-staged,r6-09b262a-q2-localized-dv-staged-00027,production.q2.localized.dv,spark,reuse,0,2,success,,6209823810,19109950466,28437059163,28437346708,3156862595,519117294,12900126656,,894,5,9327108697,,894,5,417394688,2842611000,33877660722,328797000,2513814000,request/byte metrics require a separate I/O diagnostic,,,
r6-09b262a-q2-localized-dv-staged,r6-09b262a-q2-localized-dv-staged-00028,production.q2.localized.dv,duckdb,reuse,0,3,success,,1628525400,13761670044,25869181340,25869316491,,13133283,12133144644,12133109770,894,1,12107511296,12107482342,894,1,798056448,3066600000,26375805128,1320959000,1745641000,request/byte metrics require a separate I/O diagnostic,,,
r6-09b262a-q2-localized-dv-staged,r6-09b262a-q2-localized-dv-staged-00029,production.q2.localized.dv,polars,reuse,0,4,success,,1648223585,66050777271,130510963137,130511073982,,486464,64402553686,64402265350,894,1,64460185866,64459777758,894,1,1082028032,12222647000,131113669086,7013503000,5209144000,request/byte metrics require a separate I/O diagnostic,,,
r6-09b262a-q2-localized-dv-staged,r6-09b262a-q2-localized-dv-staged-00030,production.q2.localized.dv,delta-rs,reuse,1,0,success,,1650980115,71589815280,139368270644,139368528254,,17640144,69938835165,69937406822,894,4,67778455364,67777066515,894,4,596025344,10923531000,139598318965,5465748000,5457783000,request/byte metrics require a separate I/O diagnostic,,,
r6-09b262a-q2-localized-dv-staged,r6-09b262a-q2-localized-dv-staged-00031,production.q2.localized.dv,duckdb,reuse,1,1,success,,1630847168,13757063729,25863292145,25863435080,,15335343,12126216561,12126186405,894,1,12106228416,12106202668,894,1,810184704,3110946000,26392989430,1344453000,1766493000,request/byte metrics require a separate I/O diagnostic,,,
r6-09b262a-q2-localized-dv-staged,r6-09b262a-q2-localized-dv-staged-00032,production.q2.localized.dv,delta-arrow-reader,reuse,1,2,success,,1650640875,6203363195,10257895804,10259157868,,5866497,4552722320,4335463636,894,5,4054532609,3890574034,894,5,417394688,1007776000,10435764986,391482000,616294000,request/byte metrics require a separate I/O diagnostic,,,
r6-09b262a-q2-localized-dv-staged,r6-09b262a-q2-localized-dv-staged-00033,production.q2.localized.dv,polars,reuse,1,3,success,,1651863477,66309820476,131038433709,131038592784,,523692,64657956999,64657552698,894,1,64728613233,64728178115,894,1,1008308224,12237841000,131634180472,7037474000,5200367000,request/byte metrics require a separate I/O diagnostic,,,
r6-09b262a-q2-localized-dv-staged,r6-09b262a-q2-localized-dv-staged-00034,production.q2.localized.dv,spark,reuse,1,4,success,,6243067079,19081957623,28519038863,28519404021,3190613644,431648550,12838890544,,894,5,9437081240,,894,5,417394688,2852890000,33899389412,326899000,2525991000,request/byte metrics require a separate I/O diagnostic,,,
r6-09b262a-q2-localized-dv-staged,r6-09b262a-q2-localized-dv-staged-00035,production.q2.localized.dv,duckdb,reuse,2,0,success,,1629098822,13770802979,25881550436,25881683132,,12110513,12141704157,12141667980,894,1,12110747457,12110708014,894,1,782761984,3078756000,26376997414,1340442000,1738314000,request/byte metrics require a separate I/O diagnostic,,,
r6-09b262a-q2-localized-dv-staged,r6-09b262a-q2-localized-dv-staged-00036,production.q2.localized.dv,polars,reuse,2,1,success,,1649089483,66040238939,130299018063,130299173873,,317119,64391149456,64390817189,894,1,64258779124,64258482533,894,1,1067106304,11666107000,130890876326,6664491000,5001616000,request/byte metrics require a separate I/O diagnostic,,,
r6-09b262a-q2-localized-dv-staged,r6-09b262a-q2-localized-dv-staged-00037,production.q2.localized.dv,delta-rs,reuse,2,2,success,,1649791447,71587285397,139385276335,139385678942,,14427157,69937493950,69936917349,894,4,67797990938,67795753863,894,4,565944320,10903998000,139608222533,5363469000,5540529000,request/byte metrics require a separate I/O diagnostic,,,
r6-09b262a-q2-localized-dv-staged,r6-09b262a-q2-localized-dv-staged-00038,production.q2.localized.dv,spark,reuse,2,3,success,,6280369388,19213477344,28508967296,28509231147,3124159673,521028788,12933107956,,894,5,9295489952,,894,5,417394688,2858132000,33916106331,302237000,2555895000,request/byte metrics require a separate I/O diagnostic,,,
r6-09b262a-q2-localized-dv-staged,r6-09b262a-q2-localized-dv-staged-00039,production.q2.localized.dv,delta-arrow-reader,reuse,2,4,success,,1649954371,6291302332,10306505338,10308171974,,4695913,4641347961,4220571190,894,5,4015203006,3837834350,894,5,417394688,1031061000,10482454219,411396000,619665000,request/byte metrics require a separate I/O diagnostic,,,
r6-09b262a-q2-localized-dv-staged,r6-09b262a-q2-localized-dv-staged-00040,production.q2.localized.dv,polars,reuse,3,0,success,,1652187757,66482149484,131254471412,131254582468,,362603,64829961727,64829677008,894,1,64772321928,64772038892,894,1,1046691840,12299160000,131856286670,6981233000,5317927000,request/byte metrics require a separate I/O diagnostic,,,
r6-09b262a-q2-localized-dv-staged,r6-09b262a-q2-localized-dv-staged-00041,production.q2.localized.dv,spark,reuse,3,1,success,,6223757102,19180277212,28525720606,28526016696,3260890204,453711067,12956520110,,894,5,9345443394,,894,5,417394688,2825551000,33993527063,273874000,2551677000,request/byte metrics require a separate I/O diagnostic,,,
r6-09b262a-q2-localized-dv-staged,r6-09b262a-q2-localized-dv-staged-00042,production.q2.localized.dv,duckdb,reuse,3,2,success,,1628626454,13758379975,25868921625,25869067706,,20260233,12129753521,12129723466,894,1,12110541650,12110513808,894,1,920150016,12885957000,26377661748,1243978000,11641979000,request/byte metrics require a separate I/O diagnostic,,,
r6-09b262a-q2-localized-dv-staged,r6-09b262a-q2-localized-dv-staged-00043,production.q2.localized.dv,delta-arrow-reader,reuse,3,3,success,,1650284785,6359344519,10455496282,10457702359,,5651307,4709059734,4356326961,894,5,4096151763,3812662839,894,5,417394688,999696000,10636848629,391716000,607980000,request/byte metrics require a separate I/O diagnostic,,,
r6-09b262a-q2-localized-dv-staged,r6-09b262a-q2-localized-dv-staged-00044,production.q2.localized.dv,delta-rs,reuse,3,4,success,,1650631385,71587201802,139378993302,139379292469,,14204385,69936570417,69932152962,894,4,67791791500,67790149300,894,4,520773632,11021750000,139590133080,5351234000,5670516000,request/byte metrics require a separate I/O diagnostic,,,
r6-09b262a-q2-localized-dv-staged,r6-09b262a-q2-localized-dv-staged-00045,production.q2.localized.dv,spark,reuse,4,0,success,,6272564717,19089650382,28441284405,28441618867,3188471097,479829952,12817085665,,894,5,9351634023,,894,5,417394688,2818078000,33879116716,274556000,2543522000,request/byte metrics require a separate I/O diagnostic,,,
r6-09b262a-q2-localized-dv-staged,r6-09b262a-q2-localized-dv-staged-00046,production.q2.localized.dv,delta-arrow-reader,reuse,4,1,success,,1651373232,6365256723,10431891504,10432725693,,6476090,4713883491,4241904250,894,5,4066634781,3821197977,894,5,417394688,1023577000,10621032219,418748000,604829000,request/byte metrics require a separate I/O diagnostic,,,
r6-09b262a-q2-localized-dv-staged,r6-09b262a-q2-localized-dv-staged-00047,production.q2.localized.dv,polars,reuse,4,2,success,,1650134416,66244011237,130341387610,130341557115,,383312,64593876821,64593478802,894,1,64097376373,64097039808,894,1,1077530624,12390819000,130918920243,7258339000,5132480000,request/byte metrics require a separate I/O diagnostic,,,
r6-09b262a-q2-localized-dv-staged,r6-09b262a-q2-localized-dv-staged-00048,production.q2.localized.dv,delta-rs,reuse,4,3,success,,1650030941,71594513713,139344901016,139345184262,,13100544,69944482772,69944064635,894,4,67750387303,67749768253,894,4,479657984,10828595000,139577857928,5328057000,5500538000,request/byte metrics require a separate I/O diagnostic,,,
r6-09b262a-q2-localized-dv-staged,r6-09b262a-q2-localized-dv-staged-00049,production.q2.localized.dv,duckdb,reuse,4,4,success,,1626653056,13747487078,25857580370,25857755455,,19314446,12120834022,12120780593,894,1,12110093292,12110069618,894,1,930840576,12881936000,26391739177,1200488000,11681448000,request/byte metrics require a separate I/O diagnostic,,,
r6-09b262a-q4-localized-final,r6-09b262a-q4-localized-final-00000,production.q4.localized,delta-arrow-reader,open,0,0,success,6989815432,,,,6989816364,,4412045,6989815432,6665124555,895,6,,,,,413298688,706402000,7164508692,289176000,417226000,request/byte metrics require a separate I/O diagnostic,,,
r6-09b262a-q4-localized-final,r6-09b262a-q4-localized-final-00001,production.q4.localized,delta-rs,open,0,1,success,22967172600,,,,22967175044,,2206889,22967172600,22355528845,895,6,,,,,504225792,1792688000,23163841271,958012000,834676000,request/byte metrics require a separate I/O diagnostic,,,
r6-09b262a-q4-localized-final,r6-09b262a-q4-localized-final-00002,production.q4.localized,spark,open,0,2,success,16402042842,,,,16402074912,3252806111,486705827,16402042842,,895,6,,,,,413298688,2854402000,21937479318,292335000,2562067000,request/byte metrics require a separate I/O diagnostic,,,
r6-09b262a-q4-localized-final,r6-09b262a-q4-localized-final-00003,production.q4.localized,duckdb,open,0,3,success,23816190707,,,,23816192831,,14132923,23816190707,23816159580,895,1,,,,,1030340608,24814879000,24318877601,1640286000,23174593000,request/byte metrics require a separate I/O diagnostic,,,
r6-09b262a-q4-localized-final,r6-09b262a-q4-localized-final-00004,production.q4.localized,polars,open,0,4,success,22860948770,,,,22860950833,,233865,22860948770,22860825020,895,1,,,,,442003456,1798817000,23557544877,823719000,975098000,request/byte metrics require a separate I/O diagnostic,,,
r6-09b262a-q4-localized-final,r6-09b262a-q4-localized-final-00005,production.q4.localized,delta-rs,open,1,0,success,22965990303,,,,22965992306,,2306725,22965990303,22660057160,895,6,,,,,511254528,1660532000,23154634297,879342000,781190000,request/byte metrics require a separate I/O diagnostic,,,
r6-09b262a-q4-localized-final,r6-09b262a-q4-localized-final-00006,production.q4.localized,duckdb,open,1,1,success,23854598609,,,,23854600843,,18725534,23854598609,23854562752,895,1,,,,,1006325760,3415197000,24371584252,1856885000,1558312000,request/byte metrics require a separate I/O diagnostic,,,
r6-09b262a-q4-localized-final,r6-09b262a-q4-localized-final-00007,production.q4.localized,delta-arrow-reader,open,1,2,success,6944526794,,,,6944528347,,4045996,6944526794,6643135046,895,6,,,,,413298688,665309000,7124797516,302619000,362690000,request/byte metrics require a separate I/O diagnostic,,,
r6-09b262a-q4-localized-final,r6-09b262a-q4-localized-final-00008,production.q4.localized,polars,open,1,3,success,23062052484,,,,23062055209,,257979,23062052484,23061931760,895,1,,,,,445501440,2051082000,23632690119,955019000,1096063000,request/byte metrics require a separate I/O diagnostic,,,
r6-09b262a-q4-localized-final,r6-09b262a-q4-localized-final-00009,production.q4.localized,spark,open,1,4,success,16480110739,,,,16480144943,3154907329,495106722,16480110739,,895,6,,,,,413298688,2834284000,21914803939,307728000,2526556000,request/byte metrics require a separate I/O diagnostic,,,
r6-09b262a-q4-localized-final,r6-09b262a-q4-localized-final-00010,production.q4.localized,duckdb,open,2,0,success,23851415945,,,,23851417909,,15397782,23851415945,23851379898,895,1,,,,,1146503168,3620219000,24353284319,1981814000,1638405000,request/byte metrics require a separate I/O diagnostic,,,
r6-09b262a-q4-localized-final,r6-09b262a-q4-localized-final-00011,production.q4.localized,polars,open,2,1,success,22856472574,,,,22856474708,,284318,22856472574,22856347491,895,1,,,,,421425152,1972484000,23430182735,939518000,1032966000,request/byte metrics require a separate I/O diagnostic,,,
r6-09b262a-q4-localized-final,r6-09b262a-q4-localized-final-00012,production.q4.localized,delta-rs,open,2,2,success,22963296598,,,,22963298491,,1843203,22963296598,22679857297,895,6,,,,,510517248,1716570000,23160557810,916318000,800252000,request/byte metrics require a separate I/O diagnostic,,,
r6-09b262a-q4-localized-final,r6-09b262a-q4-localized-final-00013,production.q4.localized,spark,open,2,3,success,16432976416,,,,16433007975,3305567756,493300487,16432976416,,895,6,,,,,413298688,2869660000,22016672354,324057000,2545603000,request/byte metrics require a separate I/O diagnostic,,,
r6-09b262a-q4-localized-final,r6-09b262a-q4-localized-final-00014,production.q4.localized,delta-arrow-reader,open,2,4,success,7043679667,,,,7043680770,,3828772,7043679667,6451859905,895,6,,,,,413298688,694514000,7222959147,293317000,401197000,request/byte metrics require a separate I/O diagnostic,,,
r6-09b262a-q4-localized-final,r6-09b262a-q4-localized-final-00015,production.q4.localized,polars,open,3,0,success,23010336641,,,,23010339827,,374015,23010336641,23010184308,895,1,,,,,445001728,2366442000,23582193691,1071608000,1294834000,request/byte metrics require a separate I/O diagnostic,,,
r6-09b262a-q4-localized-final,r6-09b262a-q4-localized-final-00016,production.q4.localized,spark,open,3,1,success,16394715573,,,,16394749576,3132861487,59168818,16394715573,,895,6,,,,,413298688,2846334000,21368897094,294654000,2551680000,request/byte metrics require a separate I/O diagnostic,,,
r6-09b262a-q4-localized-final,r6-09b262a-q4-localized-final-00017,production.q4.localized,duckdb,open,3,2,success,23767986262,,,,23767988426,,13994034,23767986262,23767957850,895,1,,,,,1091272704,3395850000,24266620577,1848131000,1547719000,request/byte metrics require a separate I/O diagnostic,,,
r6-09b262a-q4-localized-final,r6-09b262a-q4-localized-final-00018,production.q4.localized,delta-arrow-reader,open,3,3,success,7034567837,,,,7034569220,,5012672,7034567837,6352463557,895,6,,,,,413298688,704786000,7208652628,318239000,386547000,request/byte metrics require a separate I/O diagnostic,,,
r6-09b262a-q4-localized-final,r6-09b262a-q4-localized-final-00019,production.q4.localized,delta-rs,open,3,4,success,22960416978,,,,22960419332,,1250793,22960416978,22445299116,895,6,,,,,504430592,1779263000,23151051109,945289000,833974000,request/byte metrics require a separate I/O diagnostic,,,
r6-09b262a-q4-localized-final,r6-09b262a-q4-localized-final-00020,production.q4.localized,spark,open,4,0,success,16441189248,,,,16441214034,3236420272,452099785,16441189248,,895,6,,,,,413298688,2824899000,21885754125,318195000,2506704000,request/byte metrics require a separate I/O diagnostic,,,
r6-09b262a-q4-localized-final,r6-09b262a-q4-localized-final-00021,production.q4.localized,delta-arrow-reader,open,4,1,success,6957379287,,,,6957380439,,4075330,6957379287,6652670718,895,6,,,,,413298688,721081000,7126606514,316114000,404967000,request/byte metrics require a separate I/O diagnostic,,,
r6-09b262a-q4-localized-final,r6-09b262a-q4-localized-final-00022,production.q4.localized,polars,open,4,2,success,22858783467,,,,22858792584,,286873,22858783467,22858642205,895,1,,,,,445161472,1909604000,23414609819,931251000,978353000,request/byte metrics require a separate I/O diagnostic,,,
r6-09b262a-q4-localized-final,r6-09b262a-q4-localized-final-00023,production.q4.localized,delta-rs,open,4,3,success,22966875085,,,,22966877369,,2230223,22966875085,22680352957,895,6,,,,,510050304,1851473000,23160550916,946542000,904931000,request/byte metrics require a separate I/O diagnostic,,,
r6-09b262a-q4-localized-final,r6-09b262a-q4-localized-final-00024,production.q4.localized,duckdb,open,4,4,success,23786130014,,,,23786132770,,14151717,23786130014,23786092204,895,1,,,,,1124904960,3926121000,24279656812,1949504000,1976617000,request/byte metrics require a separate I/O diagnostic,,,
r6-09b262a-q4-localized-final,r6-09b262a-q4-localized-final-00025,production.q4.localized,delta-arrow-reader,reuse,0,0,success,,870384530,7035069266,11334960144,11335626851,,5942849,6164684736,5494261976,895,6,4299890878,4167495157,895,6,413298688,1118580000,11511490095,472159000,646421000,request/byte metrics require a separate I/O diagnostic,,,
r6-09b262a-q4-localized-final,r6-09b262a-q4-localized-final-00026,production.q4.localized,delta-rs,reuse,0,1,success,,867634629,22968338288,44637098523,44637605434,,2526243,22100703659,21078579519,895,6,21668760235,21294693149,895,6,520441856,3410955000,44827179356,1832268000,1578687000,request/byte metrics require a separate I/O diagnostic,,,
r6-09b262a-q4-localized-final,r6-09b262a-q4-localized-final-00027,production.q4.localized,spark,reuse,0,2,success,,5529549168,16527785163,24823343365,24823660675,3179586420,163221542,10998235995,,895,6,8295558202,,895,6,413298688,2881676000,29950037133,313211000,2568465000,request/byte metrics require a separate I/O diagnostic,,,
r6-09b262a-q4-localized-final,r6-09b262a-q4-localized-final-00028,production.q4.localized,duckdb,reuse,0,3,success,,868374283,23362463460,45786511879,45786674853,,17487664,22494089177,22494050966,895,1,22424048419,22424010950,895,1,1406169088,27156361000,46300731947,3115129000,24041232000,request/byte metrics require a separate I/O diagnostic,,,
r6-09b262a-q4-localized-final,r6-09b262a-q4-localized-final-00029,production.q4.localized,polars,reuse,0,4,success,,872426280,22861029430,45089710221,45089872183,,295810,21988603150,21988456578,895,1,22228680791,22228558084,895,1,447291392,3452168000,45669893878,1732801000,1719367000,request/byte metrics require a separate I/O diagnostic,,,
r6-09b262a-q4-localized-final,r6-09b262a-q4-localized-final-00030,production.q4.localized,delta-rs,reuse,1,0,success,,870491676,22977479121,44640984242,44641506933,,4023153,22106987445,21856848952,895,6,21663505121,21000421596,895,6,516472832,3065399000,44842034281,1700782000,1364617000,request/byte metrics require a separate I/O diagnostic,,,
r6-09b262a-q4-localized-final,r6-09b262a-q4-localized-final-00031,production.q4.localized,duckdb,reuse,1,1,success,,866849158,23328592626,45723368597,45723496384,,19059554,22461743468,22461714815,895,1,22394775971,22394745764,895,1,1246224384,5342854000,46232516441,3146015000,2196839000,request/byte metrics require a separate I/O diagnostic,,,
r6-09b262a-q4-localized-final,r6-09b262a-q4-localized-final-00032,production.q4.localized,delta-arrow-reader,reuse,1,2,success,,870231773,7022812130,11318274359,11318835641,,3054634,6152580357,5619530885,895,6,4295462229,4173202926,895,6,413298688,1030931000,11500704761,450352000,580579000,request/byte metrics require a separate I/O diagnostic,,,
r6-09b262a-q4-localized-final,r6-09b262a-q4-localized-final-00033,production.q4.localized,polars,reuse,1,3,success,,869540550,22855990559,45052591495,45052725494,,242391,21986450009,21986289471,895,1,22196600936,22196478488,895,1,445591552,3169027000,45611341868,1601932000,1567095000,request/byte metrics require a separate I/O diagnostic,,,
r6-09b262a-q4-localized-final,r6-09b262a-q4-localized-final-00034,production.q4.localized,spark,reuse,1,4,success,,5497447831,16428411962,24886394404,24886766035,3133829546,99965249,10930964131,,895,6,8457982442,,895,6,413298688,2862711000,29919971464,286198000,2576513000,request/byte metrics require a separate I/O diagnostic,,,
r6-09b262a-q4-localized-final,r6-09b262a-q4-localized-final-00035,production.q4.localized,duckdb,reuse,2,0,success,,864595593,23239388549,45699642033,45699772685,,14267132,22374792956,22374758131,895,1,22460253484,22460224620,895,1,1148235776,5558365000,46184393420,3121105000,2437260000,request/byte metrics require a separate I/O diagnostic,,,
r6-09b262a-q4-localized-final,r6-09b262a-q4-localized-final-00036,production.q4.localized,polars,reuse,2,1,success,,871469715,22858773494,44997435036,44997571359,,270443,21987303779,21987149853,895,1,22138661542,22138506935,895,1,444542976,3449923000,45561448455,1776876000,1673047000,request/byte metrics require a separate I/O diagnostic,,,
r6-09b262a-q4-localized-final,r6-09b262a-q4-localized-final-00037,production.q4.localized,delta-rs,reuse,2,2,success,,864901249,22965946424,44635689905,44636185948,,3475235,22101045175,21833959683,895,6,21669743481,20365776171,895,6,509075456,3189340000,44831531631,1677279000,1512061000,request/byte metrics require a separate I/O diagnostic,,,
r6-09b262a-q4-localized-final,r6-09b262a-q4-localized-final-00038,production.q4.localized,spark,reuse,2,3,success,,5473129351,16433614295,24840812907,24841077187,3186794853,120464607,10960484944,,895,6,8407198612,,895,6,413298688,2852651000,29943777596,288398000,2564253000,request/byte metrics require a separate I/O diagnostic,,,
r6-09b262a-q4-localized-final,r6-09b262a-q4-localized-final-00039,production.q4.localized,delta-arrow-reader,reuse,2,4,success,,866941962,7039956266,11338576319,11339092488,,5179672,6173014304,5560191506,895,6,4298620053,4217145392,895,6,413298688,1056075000,11519970625,462509000,593566000,request/byte metrics require a separate I/O diagnostic,,,
r6-09b262a-q4-localized-final,r6-09b262a-q4-localized-final-00040,production.q4.localized,polars,reuse,3,0,success,,874339574,22862657228,45002313721,45002494968,,282214,21988317654,21988178796,895,1,22139656493,22139500072,895,1,445288448,3496242000,45581167461,1749154000,1747088000,request/byte metrics require a separate I/O diagnostic,,,
r6-09b262a-q4-localized-final,r6-09b262a-q4-localized-final-00041,production.q4.localized,spark,reuse,3,1,success,,5512736574,16380522935,24817955796,24818364045,3305493990,68892841,10867786361,,895,6,8437432861,,895,6,413298688,2835797000,29970265758,326546000,2509251000,request/byte metrics require a separate I/O diagnostic,,,
r6-09b262a-q4-localized-final,r6-09b262a-q4-localized-final-00042,production.q4.localized,duckdb,reuse,3,2,success,,868619129,23260171920,45848053133,45848204675,,17077342,22391552791,22391511915,895,1,22587881213,22587849194,895,1,1315840000,27141765000,46366968355,2995391000,24146374000,request/byte metrics require a separate I/O diagnostic,,,
r6-09b262a-q4-localized-final,r6-09b262a-q4-localized-final-00043,production.q4.localized,delta-arrow-reader,reuse,3,3,success,,870914891,7035579382,11337476842,11338153940,,3164248,6164664491,5632498366,895,6,4301897460,4236826769,895,6,413298688,1093026000,11516405008,471634000,621392000,request/byte metrics require a separate I/O diagnostic,,,
r6-09b262a-q4-localized-final,r6-09b262a-q4-localized-final-00044,production.q4.localized,delta-rs,reuse,3,4,success,,869881252,22977534320,44652809221,44653383136,,2925514,22107653068,21423789059,895,6,21675274901,21350016573,895,6,515047424,3362890000,44845540025,1826713000,1536177000,request/byte metrics require a separate I/O diagnostic,,,
r6-09b262a-q4-localized-final,r6-09b262a-q4-localized-final-00045,production.q4.localized,spark,reuse,4,0,success,,5460421638,16296796519,24652392587,24652691773,3335431771,223048870,10836374881,,895,6,8355596068,,895,6,413298688,2819898000,30010137750,314138000,2505760000,request/byte metrics require a separate I/O diagnostic,,,
r6-09b262a-q4-localized-final,r6-09b262a-q4-localized-final-00046,production.q4.localized,delta-arrow-reader,reuse,4,1,success,,865519851,7064607998,11368222900,11368828445,,5836561,6199088147,5653289548,895,6,4303614902,4224514791,895,6,413298688,1124357000,11547655311,505127000,619230000,request/byte metrics require a separate I/O diagnostic,,,
r6-09b262a-q4-localized-final,r6-09b262a-q4-localized-final-00047,production.q4.localized,polars,reuse,4,2,success,,873672396,22939429885,44954197396,44954418256,,281082,22065757489,22065639450,895,1,22014767511,22014609517,895,1,444067840,3381896000,45530651959,1729719000,1652177000,request/byte metrics require a separate I/O diagnostic,,,
r6-09b262a-q4-localized-final,r6-09b262a-q4-localized-final-00048,production.q4.localized,delta-rs,reuse,4,3,success,,871984770,22972521362,44642761915,44643187485,,2102836,22100536592,21819271163,895,6,21670240553,21018482595,895,6,517230592,3231660000,44838190999,1697468000,1534192000,request/byte metrics require a separate I/O diagnostic,,,
r6-09b262a-q4-localized-final,r6-09b262a-q4-localized-final-00049,production.q4.localized,duckdb,reuse,4,4,success,,865831069,23314525266,45791209727,45791342292,,17392738,22448694197,22448652439,895,1,22476684461,22476637824,895,1,1466503168,26824033000,46290028357,2995248000,23828785000,request/byte metrics require a separate I/O diagnostic,,,
r6-09b262a-q4-localized-dv-final,r6-09b262a-q4-localized-dv-final-00000,production.q4.localized.dv,delta-arrow-reader,open,0,0,success,7278126487,,,,7278127509,,4680023,7278126487,7019151509,894,6,,,,,414023680,690000000,7451608211,318314000,371686000,request/byte metrics require a separate I/O diagnostic,,,
r6-09b262a-q4-localized-dv-final,r6-09b262a-q4-localized-dv-final-00001,production.q4.localized.dv,delta-rs,open,0,1,success,178521052679,,,,178521054743,,9726537,178521052679,178520042813,894,6,,,,,414023680,13101114000,178735614630,6379005000,6722109000,request/byte metrics require a separate I/O diagnostic,,,
r6-09b262a-q4-localized-dv-final,r6-09b262a-q4-localized-dv-final-00002,production.q4.localized.dv,spark,open,0,2,success,19774312458,,,,19774335500,3236355615,86098920,19774312458,,894,6,,,,,414023680,2845000000,24886929894,288767000,2556233000,request/byte metrics require a separate I/O diagnostic,,,
r6-09b262a-q4-localized-dv-final,r6-09b262a-q4-localized-dv-final-00003,production.q4.localized.dv,duckdb,open,0,3,success,25098228091,,,,25098229935,,17703865,25098228091,25098199708,894,1,,,,,1016975360,24696001000,25629883546,1556108000,23139893000,request/byte metrics require a separate I/O diagnostic,,,
r6-09b262a-q4-localized-dv-final,r6-09b262a-q4-localized-dv-final-00004,production.q4.localized.dv,polars,open,0,4,success,166196016386,,,,166196019422,,262367,166196016386,166195650847,894,1,,,,,1470152704,15013369000,166821813349,8737571000,6275798000,request/byte metrics require a separate I/O diagnostic,,,
r6-09b262a-q4-localized-dv-final,r6-09b262a-q4-localized-dv-final-00005,production.q4.localized.dv,delta-rs,open,1,0,success,178590798910,,,,178590800614,,9542866,178590798910,178589210991,894,6,,,,,414023680,13849553000,178809926332,7116822000,6732731000,request/byte metrics require a separate I/O diagnostic,,,
r6-09b262a-q4-localized-dv-final,r6-09b262a-q4-localized-dv-final-00006,production.q4.localized.dv,duckdb,open,1,1,success,25090826623,,,,25090828997,,15584117,25090826623,25090793311,894,1,,,,,777486336,3493471000,25608108098,1677309000,1816162000,request/byte metrics require a separate I/O diagnostic,,,
r6-09b262a-q4-localized-dv-final,r6-09b262a-q4-localized-dv-final-00007,production.q4.localized.dv,delta-arrow-reader,open,1,2,success,7328940971,,,,7328942043,,4952028,7328940971,6837739953,894,6,,,,,414023680,724089000,7505835314,330193000,393896000,request/byte metrics require a separate I/O diagnostic,,,
r6-09b262a-q4-localized-dv-final,r6-09b262a-q4-localized-dv-final-00008,production.q4.localized.dv,polars,open,1,3,success,167017986721,,,,167017989726,,301130,167017986721,167017614098,894,1,,,,,1464446976,15141645000,167623132984,8889325000,6252320000,request/byte metrics require a separate I/O diagnostic,,,
r6-09b262a-q4-localized-dv-final,r6-09b262a-q4-localized-dv-final-00009,production.q4.localized.dv,spark,open,1,4,success,19794812157,,,,19794835370,3341369789,94187724,19794812157,,894,6,,,,,414023680,2846117000,25011078350,295323000,2550794000,request/byte metrics require a separate I/O diagnostic,,,
r6-09b262a-q4-localized-dv-final,r6-09b262a-q4-localized-dv-final-00010,production.q4.localized.dv,duckdb,open,2,0,success,25160587914,,,,25160590559,,14347951,25160587914,25160550434,894,1,,,,,978673664,3393620000,25666664776,1743300000,1650320000,request/byte metrics require a separate I/O diagnostic,,,
r6-09b262a-q4-localized-dv-final,r6-09b262a-q4-localized-dv-final-00011,production.q4.localized.dv,polars,open,2,1,success,166612642181,,,,166612646109,,401867,166612642181,166612042217,894,1,,,,,1387065344,15190852000,167226054189,8923167000,6267685000,request/byte metrics require a separate I/O diagnostic,,,
r6-09b262a-q4-localized-dv-final,r6-09b262a-q4-localized-dv-final-00012,production.q4.localized.dv,delta-rs,open,2,2,success,178587696175,,,,178587698098,,10117713,178587696175,178585858882,894,6,,,,,414023680,13947376000,178796990431,7047699000,6899677000,request/byte metrics require a separate I/O diagnostic,,,
r6-09b262a-q4-localized-dv-final,r6-09b262a-q4-localized-dv-final-00013,production.q4.localized.dv,spark,open,2,3,success,19860316700,,,,19860338320,3268677732,87767149,19860316700,,894,6,,,,,414023680,2812154000,25174899645,326959000,2485195000,request/byte metrics require a separate I/O diagnostic,,,
r6-09b262a-q4-localized-dv-final,r6-09b262a-q4-localized-dv-final-00014,production.q4.localized.dv,delta-arrow-reader,open,2,4,success,7438763581,,,,7438764974,,4100747,7438763581,6960424400,894,6,,,,,414023680,756670000,7626337432,337337000,419333000,request/byte metrics require a separate I/O diagnostic,,,
r6-09b262a-q4-localized-dv-final,r6-09b262a-q4-localized-dv-final-00015,production.q4.localized.dv,polars,open,3,0,success,166254145585,,,,166254148851,,273678,166254145585,166253699336,894,1,,,,,1375133696,14863140000,166912725266,8580775000,6282365000,request/byte metrics require a separate I/O diagnostic,,,
r6-09b262a-q4-localized-dv-final,r6-09b262a-q4-localized-dv-final-00016,production.q4.localized.dv,spark,open,3,1,success,19823527680,,,,19823550712,3265043422,110777440,19823527680,,894,6,,,,,414023680,2815352000,25018774260,296346000,2519006000,request/byte metrics require a separate I/O diagnostic,,,
r6-09b262a-q4-localized-dv-final,r6-09b262a-q4-localized-dv-final-00017,production.q4.localized.dv,duckdb,open,3,2,success,25083463657,,,,25083466733,,19681529,25083463657,25083402183,894,1,,,,,1007390720,3623182000,25707339194,1772475000,1850707000,request/byte metrics require a separate I/O diagnostic,,,
r6-09b262a-q4-localized-dv-final,r6-09b262a-q4-localized-dv-final-00018,production.q4.localized.dv,delta-arrow-reader,open,3,3,success,7306610301,,,,7306611383,,3285472,7306610301,7004482956,894,6,,,,,414023680,748692000,7493113412,333505000,415187000,request/byte metrics require a separate I/O diagnostic,,,
r6-09b262a-q4-localized-dv-final,r6-09b262a-q4-localized-dv-final-00019,production.q4.localized.dv,delta-rs,open,3,4,success,178578867354,,,,178578869248,,9258989,178578867354,178578452784,894,6,,,,,427405312,13971894000,178790532625,6922515000,7049379000,request/byte metrics require a separate I/O diagnostic,,,
r6-09b262a-q4-localized-dv-final,r6-09b262a-q4-localized-dv-final-00020,production.q4.localized.dv,spark,open,4,0,success,19821878169,,,,19821907523,3321690815,109493175,19821878169,,894,6,,,,,414023680,2873370000,25035265565,304825000,2568545000,request/byte metrics require a separate I/O diagnostic,,,
r6-09b262a-q4-localized-dv-final,r6-09b262a-q4-localized-dv-final-00021,production.q4.localized.dv,delta-arrow-reader,open,4,1,success,7336653444,,,,7336654777,,5172678,7336653444,6780646785,894,6,,,,,414023680,743475000,7513238774,344753000,398722000,request/byte metrics require a separate I/O diagnostic,,,
r6-09b262a-q4-localized-dv-final,r6-09b262a-q4-localized-dv-final-00022,production.q4.localized.dv,polars,open,4,2,success,167097286732,,,,167097289638,,276293,167097286732,167096905003,894,1,,,,,1457758208,15262770000,167687113063,8801918000,6460852000,request/byte metrics require a separate I/O diagnostic,,,
r6-09b262a-q4-localized-dv-final,r6-09b262a-q4-localized-dv-final-00023,production.q4.localized.dv,delta-rs,open,4,3,success,178593045566,,,,178593047169,,8427544,178593045566,178592053784,894,6,,,,,414023680,13882645000,178796574174,7085661000,6796984000,request/byte metrics require a separate I/O diagnostic,,,
r6-09b262a-q4-localized-dv-final,r6-09b262a-q4-localized-dv-final-00024,production.q4.localized.dv,duckdb,open,4,4,success,25072879124,,,,25072881328,,16051275,25072879124,25072847826,894,1,,,,,892481536,4091394000,25576893847,1755079000,2336315000,request/byte metrics require a separate I/O diagnostic,,,
r6-09b262a-q4-localized-dv-final,r6-09b262a-q4-localized-dv-final-00025,production.q4.localized.dv,delta-arrow-reader,reuse,0,0,success,,907418598,7307200265,11812961094,11813581116,,6761830,6399781667,6082564547,894,6,4505760829,4449355634,894,6,414023680,1138347000,11987430055,531150000,607197000,request/byte metrics require a separate I/O diagnostic,,,
r6-09b262a-q4-localized-dv-final,r6-09b262a-q4-localized-dv-final-00026,production.q4.localized.dv,delta-rs,reuse,0,1,success,,911248020,178643493901,353840655667,353841365617,,12755593,177732245881,177730755233,894,6,175197161766,175196291489,894,6,414023680,26943553000,354053661413,13926434000,13017119000,request/byte metrics require a separate I/O diagnostic,,,
r6-09b262a-q4-localized-dv-final,r6-09b262a-q4-localized-dv-final-00027,production.q4.localized.dv,spark,reuse,0,2,success,,5767438985,19963851620,30834364849,30834634280,3243674955,110915418,14196412635,,894,6,10870513229,,894,6,414023680,2876819000,36024086795,337918000,2538901000,request/byte metrics require a separate I/O diagnostic,,,
r6-09b262a-q4-localized-dv-final,r6-09b262a-q4-localized-dv-final-00028,production.q4.localized.dv,duckdb,reuse,0,3,success,,903781002,24629976230,48313631268,48313803668,,22798398,23726195228,23726141779,894,1,23683655038,23683620233,894,1,1344126976,5742213000,48845383022,3344139000,2398074000,request/byte metrics require a separate I/O diagnostic,,,
r6-09b262a-q4-localized-dv-final,r6-09b262a-q4-localized-dv-final-00029,production.q4.localized.dv,polars,reuse,0,4,success,,916437210,166577637294,332467330970,332467494053,,23154280,165661200084,165660665401,894,1,165889693676,165889180623,894,1,1477103616,29905101000,333588563083,18175560000,11729541000,request/byte metrics require a separate I/O diagnostic,,,
r6-09b262a-q4-localized-dv-final,r6-09b262a-q4-localized-dv-final-00030,production.q4.localized.dv,delta-rs,reuse,1,0,success,,907560904,178620830574,353871726892,353872444325,,14528337,177713269670,177711619254,894,6,175250896318,175249834736,894,6,535396352,26394127000,354105231194,13336240000,13057887000,request/byte metrics require a separate I/O diagnostic,,,
r6-09b262a-q4-localized-dv-final,r6-09b262a-q4-localized-dv-final-00031,production.q4.localized.dv,duckdb,reuse,1,1,success,,908326000,24616356876,48288084259,48288230661,,20352917,23708030876,23707996873,894,1,23671727383,23671703609,894,1,1146650624,5675825000,49019661677,3220656000,2455169000,request/byte metrics require a separate I/O diagnostic,,,
r6-09b262a-q4-localized-dv-final,r6-09b262a-q4-localized-dv-final-00032,production.q4.localized.dv,delta-arrow-reader,reuse,1,2,success,,910519222,7306200282,11812064386,11812657659,,5603318,6395681060,6077804977,894,6,4505864104,4430032443,894,6,414023680,1129194000,11987528782,506283000,622911000,request/byte metrics require a separate I/O diagnostic,,,
r6-09b262a-q4-localized-dv-final,r6-09b262a-q4-localized-dv-final-00033,production.q4.localized.dv,polars,reuse,1,3,success,,914439365,167545743819,333849742453,333849888012,,330164,166631304454,166630946109,894,1,166303998634,166303462969,894,1,1474867200,30252463000,334757438650,17658203000,12594260000,request/byte metrics require a separate I/O diagnostic,,,
r6-09b262a-q4-localized-dv-final,r6-09b262a-q4-localized-dv-final-00034,production.q4.localized.dv,spark,reuse,1,4,success,,5765954088,19836752907,30676930056,30677289944,3323221878,240172274,14070798819,,894,6,10840177149,,894,6,414023680,2917229000,36661115379,365392000,2551837000,request/byte metrics require a separate I/O diagnostic,,,
r6-09b262a-q4-localized-dv-final,r6-09b262a-q4-localized-dv-final-00035,production.q4.localized.dv,duckdb,reuse,2,0,success,,909151273,24538629640,48223021355,48223157247,,20190856,23629478367,23629448983,894,1,23684391715,23684362531,894,1,1291538432,6079499000,48734547475,3248999000,2830500000,request/byte metrics require a separate I/O diagnostic,,,
r6-09b262a-q4-localized-dv-final,r6-09b262a-q4-localized-dv-final-00036,production.q4.localized.dv,polars,reuse,2,1,success,,910030055,167402587599,332734187325,332734324931,,370788,166492557544,166492191444,894,1,165331599726,165331000924,894,1,1450041344,30064967000,333357622583,17570224000,12494743000,request/byte metrics require a separate I/O diagnostic,,,
r6-09b262a-q4-localized-dv-final,r6-09b262a-q4-localized-dv-final-00037,production.q4.localized.dv,delta-rs,reuse,2,2,success,,912467229,178612857941,353821499433,353822567357,,12968572,177700390712,177698769029,894,6,175208641492,175207306351,894,6,441360384,27502526000,354043010917,14091804000,13410722000,request/byte metrics require a separate I/O diagnostic,,,
r6-09b262a-q4-localized-dv-final,r6-09b262a-q4-localized-dv-final-00038,production.q4.localized.dv,spark,reuse,2,3,success,,5637745102,19692916404,30604683778,30604985778,3173924722,320147859,14055171302,,894,6,10911767374,,894,6,414023680,2779984000,35844701238,333346000,2446638000,request/byte metrics require a separate I/O diagnostic,,,
r6-09b262a-q4-localized-dv-final,r6-09b262a-q4-localized-dv-final-00039,production.q4.localized.dv,delta-arrow-reader,reuse,2,4,success,,911425353,7416280944,11925930104,11926669979,,6333155,6504855591,6013356258,894,6,4509649160,4356837494,894,6,414023680,1167841000,12102866377,511553000,656288000,request/byte metrics require a separate I/O diagnostic,,,
r6-09b262a-q4-localized-dv-final,r6-09b262a-q4-localized-dv-final-00040,production.q4.localized.dv,polars,reuse,3,0,success,,912922235,166862580685,331811710347,331811883970,,255205,165949658450,165949037246,894,1,164949129662,164948688022,894,1,1401008128,29352050000,332446001271,17403085000,11948965000,request/byte metrics require a separate I/O diagnostic,,,
r6-09b262a-q4-localized-dv-final,r6-09b262a-q4-localized-dv-final-00041,production.q4.localized.dv,spark,reuse,3,1,success,,5879182967,19999923766,30851888278,30852165163,3175909198,124551731,14120740799,,894,6,10851964512,,894,6,414023680,2817408000,35890123179,312271000,2505137000,request/byte metrics require a separate I/O diagnostic,,,
r6-09b262a-q4-localized-dv-final,r6-09b262a-q4-localized-dv-final-00042,production.q4.localized.dv,duckdb,reuse,3,2,success,,905007050,24624444324,48206242217,48206419897,,20086494,23719437274,23719387682,894,1,23581797893,23581761134,894,1,1411137536,26795696000,48706240589,3021424000,23774272000,request/byte metrics require a separate I/O diagnostic,,,
r6-09b262a-q4-localized-dv-final,r6-09b262a-q4-localized-dv-final-00043,production.q4.localized.dv,delta-arrow-reader,reuse,3,3,success,,911876321,7267458580,11796691862,11797354302,,5343948,6355582259,5978864515,894,6,4529233282,4363142768,894,6,414023680,1130999000,11970097986,504379000,626620000,request/byte metrics require a separate I/O diagnostic,,,
r6-09b262a-q4-localized-dv-final,r6-09b262a-q4-localized-dv-final-00044,production.q4.localized.dv,delta-rs,reuse,3,4,success,,908136735,178550459295,353739427412,353740225454,,21779800,177642322560,177640845366,894,6,175188968117,175188504035,894,6,538394624,27699948000,353956948138,13622941000,14077007000,request/byte metrics require a separate I/O diagnostic,,,
r6-09b262a-q4-localized-dv-final,r6-09b262a-q4-localized-dv-final-00045,production.q4.localized.dv,spark,reuse,4,0,success,,5734477599,19704463319,30516480892,30516756914,3250570109,437106278,13969985720,,894,6,10812017573,,894,6,414023680,2793304000,35934137927,335318000,2457986000,request/byte metrics require a separate I/O diagnostic,,,
r6-09b262a-q4-localized-dv-final,r6-09b262a-q4-localized-dv-final-00046,production.q4.localized.dv,delta-arrow-reader,reuse,4,1,success,,911445996,7438102445,11946272955,11946916189,,6715285,6526656449,6015632322,894,6,4508170510,4415032766,894,6,414023680,1158332000,12126277621,496410000,661922000,request/byte metrics require a separate I/O diagnostic,,,
r6-09b262a-q4-localized-dv-final,r6-09b262a-q4-localized-dv-final-00047,production.q4.localized.dv,polars,reuse,4,2,success,,909764102,167005820384,333136770209,333136878349,,240567,166096056282,166095706572,894,1,166130949825,166130597761,894,1,1475534848,29570515000,333743308101,17723351000,11847164000,request/byte metrics require a separate I/O diagnostic,,,
r6-09b262a-q4-localized-dv-final,r6-09b262a-q4-localized-dv-final-00048,production.q4.localized.dv,delta-rs,reuse,4,3,success,,906196414,178817522913,354451930671,354453766481,,20881903,177911326499,177908979158,894,6,175634407758,175633704181,894,6,423337984,23149223000,354676744299,11408347000,11740876000,request/byte metrics require a separate I/O diagnostic,,,
r6-09b262a-q4-localized-dv-final,r6-09b262a-q4-localized-dv-final-00049,production.q4.localized.dv,duckdb,reuse,4,4,success,,911837425,24637872623,48405917443,48406076699,,21509639,23726035198,23725986327,894,1,23768044820,23768002351,894,1,1449521152,27465831000,49365223155,3213109000,24252722000,request/byte metrics require a separate I/O diagnostic,,,
r6-09b262a-q4-scattered-final,r6-09b262a-q4-scattered-final-00000,production.q4.scattered,delta-arrow-reader,open,0,0,success,22951606133,,,,22951607305,,3484773,22951606133,21406762639,895,6,,,,,486981632,1769492000,23133109766,860187000,909305000,request/byte metrics require a separate I/O diagnostic,,,
r6-09b262a-q4-scattered-final,r6-09b262a-q4-scattered-final-00001,production.q4.scattered,delta-rs,open,0,1,success,23481102378,,,,23481104913,,3866032,23481102378,23023349076,895,6,,,,,533053440,1947934000,23687905669,968356000,979578000,request/byte metrics require a separate I/O diagnostic,,,
r6-09b262a-q4-scattered-final,r6-09b262a-q4-scattered-final-00002,production.q4.scattered,spark,open,0,2,success,33973749291,,,,33973784005,3180032569,457153259,33973749291,,895,6,,,,,417214464,2925456000,39476116431,288794000,2636662000,request/byte metrics require a separate I/O diagnostic,,,
r6-09b262a-q4-scattered-final,r6-09b262a-q4-scattered-final-00003,production.q4.scattered,duckdb,open,0,3,success,24456094285,,,,24456098393,,18225657,24456094285,24456012784,895,1,,,,,1071583232,26226871000,26083142757,1850822000,24376049000,request/byte metrics require a separate I/O diagnostic,,,
r6-09b262a-q4-scattered-final,r6-09b262a-q4-scattered-final-00004,production.q4.scattered,polars,open,0,4,success,23338240728,,,,23338243593,,863865,23338240728,23337909502,895,1,,,,,436375552,2807048000,25307864951,1169773000,1637275000,request/byte metrics require a separate I/O diagnostic,,,
r6-09b262a-q4-scattered-final,r6-09b262a-q4-scattered-final-00005,production.q4.scattered,delta-rs,open,1,0,success,23466045405,,,,23466047489,,3268682,23466045405,23163395633,895,6,,,,,538083328,1428728000,23812972421,751948000,676780000,request/byte metrics require a separate I/O diagnostic,,,
r6-09b262a-q4-scattered-final,r6-09b262a-q4-scattered-final-00006,production.q4.scattered,duckdb,open,1,1,success,24398215747,,,,24398219313,,14508141,24398215747,24398163610,895,1,,,,,1129738240,25565493000,25375021826,1689434000,23876059000,request/byte metrics require a separate I/O diagnostic,,,
r6-09b262a-q4-scattered-final,r6-09b262a-q4-scattered-final-00007,production.q4.scattered,delta-arrow-reader,open,1,2,success,22948957922,,,,22948959405,,2719933,22948957922,20641588779,895,6,,,,,471113728,1777688000,23214282927,900890000,876798000,request/byte metrics require a separate I/O diagnostic,,,
r6-09b262a-q4-scattered-final,r6-09b262a-q4-scattered-final-00008,production.q4.scattered,polars,open,1,3,success,23038691521,,,,23038694396,,990119,23038691521,23038205458,895,1,,,,,430030848,2232011000,24214340509,993179000,1238832000,request/byte metrics require a separate I/O diagnostic,,,
r6-09b262a-q4-scattered-final,r6-09b262a-q4-scattered-final-00009,production.q4.scattered,spark,open,1,4,success,31472065247,,,,31472087809,3370720743,433766549,31472065247,,895,6,,,,,417214464,3210507000,39009821151,454751000,2755756000,request/byte metrics require a separate I/O diagnostic,,,
r6-09b262a-q4-scattered-final,r6-09b262a-q4-scattered-final-00010,production.q4.scattered,duckdb,open,2,0,success,24366439445,,,,24366442721,,17135822,24366439445,24366397768,895,1,,,,,1035481088,25504682000,25283778885,1658679000,23846003000,request/byte metrics require a separate I/O diagnostic,,,
r6-09b262a-q4-scattered-final,r6-09b262a-q4-scattered-final-00011,production.q4.scattered,polars,open,2,1,success,23022240700,,,,23022243004,,273127,23022240700,23022125446,895,1,,,,,423358464,2313095000,24826151261,1045211000,1267884000,request/byte metrics require a separate I/O diagnostic,,,
r6-09b262a-q4-scattered-final,r6-09b262a-q4-scattered-final-00012,production.q4.scattered,delta-rs,open,2,2,success,23470995086,,,,23470997491,,4182470,23470995086,23199324938,895,6,,,,,548438016,1948802000,24188118384,980556000,968246000,request/byte metrics require a separate I/O diagnostic,,,
r6-09b262a-q4-scattered-final,r6-09b262a-q4-scattered-final-00013,production.q4.scattered,spark,open,2,3,success,31456052925,,,,31456075988,3172357523,41593616,31456052925,,895,6,,,,,417214464,2900840000,36776293932,309250000,2591590000,request/byte metrics require a separate I/O diagnostic,,,
r6-09b262a-q4-scattered-final,r6-09b262a-q4-scattered-final-00014,production.q4.scattered,delta-arrow-reader,open,2,4,success,22945851508,,,,22945852621,,4816417,22945851508,22152004166,895,6,,,,,527564800,1832848000,23209393228,925935000,906913000,request/byte metrics require a separate I/O diagnostic,,,
r6-09b262a-q4-scattered-final,r6-09b262a-q4-scattered-final-00015,production.q4.scattered,polars,open,3,0,success,23026998881,,,,23027001166,,283136,23026998881,23026875743,895,1,,,,,434495488,2274891000,25152141049,919821000,1355070000,request/byte metrics require a separate I/O diagnostic,,,
r6-09b262a-q4-scattered-final,r6-09b262a-q4-scattered-final-00016,production.q4.scattered,spark,open,3,1,success,31234777905,,,,31234800848,3190251764,208565843,31234777905,,895,6,,,,,417214464,3074468000,37871785891,363384000,2711084000,request/byte metrics require a separate I/O diagnostic,,,
r6-09b262a-q4-scattered-final,r6-09b262a-q4-scattered-final-00017,production.q4.scattered,duckdb,open,3,2,success,24383602126,,,,24383605502,,15252043,24383602126,24383559957,895,1,,,,,1141915648,3577670000,24878719883,1769819000,1807851000,request/byte metrics require a separate I/O diagnostic,,,
r6-09b262a-q4-scattered-final,r6-09b262a-q4-scattered-final-00018,production.q4.scattered,delta-arrow-reader,open,3,3,success,22941863333,,,,22941864765,,2331121,22941863333,20554993284,895,6,,,,,469409792,1833575000,23577378910,909052000,924523000,request/byte metrics require a separate I/O diagnostic,,,
r6-09b262a-q4-scattered-final,r6-09b262a-q4-scattered-final-00019,production.q4.scattered,delta-rs,open,3,4,success,23466190683,,,,23466192687,,4546105,23466190683,22952318055,895,6,,,,,532639744,1906942000,23672463827,925941000,981001000,request/byte metrics require a separate I/O diagnostic,,,
r6-09b262a-q4-scattered-final,r6-09b262a-q4-scattered-final-00020,production.q4.scattered,spark,open,4,0,success,31398488581,,,,31398510361,3239649027,479523819,31398488581,,895,6,,,,,417214464,3058183000,38229748187,364200000,2693983000,request/byte metrics require a separate I/O diagnostic,,,
r6-09b262a-q4-scattered-final,r6-09b262a-q4-scattered-final-00021,production.q4.scattered,delta-arrow-reader,open,4,1,success,22953395272,,,,22953396784,,2669699,22953395272,20927347164,895,6,,,,,475623424,1862646000,23126991703,941544000,921102000,request/byte metrics require a separate I/O diagnostic,,,
r6-09b262a-q4-scattered-final,r6-09b262a-q4-scattered-final-00022,production.q4.scattered,polars,open,4,2,success,23019440056,,,,23019442972,,347696,23019440056,23019281642,895,1,,,,,437579776,2381223000,24634040988,1030398000,1350825000,request/byte metrics require a separate I/O diagnostic,,,
r6-09b262a-q4-scattered-final,r6-09b262a-q4-scattered-final-00023,production.q4.scattered,delta-rs,open,4,3,success,23483283171,,,,23483285465,,3269844,23483283171,23223819307,895,6,,,,,553918464,1938669000,24150685612,956179000,982490000,request/byte metrics require a separate I/O diagnostic,,,
r6-09b262a-q4-scattered-final,r6-09b262a-q4-scattered-final-00024,production.q4.scattered,duckdb,open,4,4,success,24387864466,,,,24387867211,,20553311,24387864466,24387823881,895,1,,,,,1147301888,3944321000,25876067282,1884913000,2059408000,request/byte metrics require a separate I/O diagnostic,,,
r6-09b262a-q4-scattered-final,r6-09b262a-q4-scattered-final-00025,production.q4.scattered,delta-arrow-reader,reuse,0,0,success,,882684893,22959214497,45020626698,45021362445,,3870359,22076529604,20226101009,895,6,22061412201,21533588387,895,6,548216832,3273527000,45208324395,1628682000,1644845000,request/byte metrics require a separate I/O diagnostic,,,
r6-09b262a-q4-scattered-final,r6-09b262a-q4-scattered-final-00026,production.q4.scattered,delta-rs,reuse,0,1,success,,879292692,23478596605,45600968367,45601506126,,9502493,22599303913,22293110601,895,6,22122371762,20988804467,895,6,581976064,3440193000,45813820512,1759885000,1680308000,request/byte metrics require a separate I/O diagnostic,,,
r6-09b262a-q4-scattered-final,r6-09b262a-q4-scattered-final-00027,production.q4.scattered,spark,reuse,0,2,success,,5708159284,31238497825,54238011452,54238302743,3201872411,201401113,25530338541,,895,6,22999513627,,895,6,417214464,2860422000,59431511088,312388000,2548034000,request/byte metrics require a separate I/O diagnostic,,,
r6-09b262a-q4-scattered-final,r6-09b262a-q4-scattered-final-00028,production.q4.scattered,duckdb,reuse,0,3,success,,878236349,23897304024,46872044470,46872188988,,21802111,23019067675,23019028062,895,1,22974740446,22974695302,895,1,1354190848,27963268000,47551874279,2958761000,25004507000,request/byte metrics require a separate I/O diagnostic,,,
r6-09b262a-q4-scattered-final,r6-09b262a-q4-scattered-final-00029,production.q4.scattered,polars,reuse,0,4,success,,888540502,23052035159,45160312078,45160531044,,283877,22163494657,22163370556,895,1,22108276919,22108144603,895,1,448016384,3426713000,45789187130,1544338000,1882375000,request/byte metrics require a separate I/O diagnostic,,,
r6-09b262a-q4-scattered-final,r6-09b262a-q4-scattered-final-00030,production.q4.scattered,delta-rs,reuse,1,0,success,,884211329,23464552384,45590206762,45590724455,,9195633,22580341055,22307141635,895,6,22125654378,21390363141,895,6,599965696,3696585000,45853351314,1870878000,1825707000,request/byte metrics require a separate I/O diagnostic,,,
r6-09b262a-q4-scattered-final,r6-09b262a-q4-scattered-final-00031,production.q4.scattered,duckdb,reuse,1,1,success,,893132831,23824003876,46851579273,46851766441,,55726591,22930871045,22930825470,895,1,23027575397,23027536294,895,1,1437663232,6610946000,48093089971,3571200000,3039746000,request/byte metrics require a separate I/O diagnostic,,,
r6-09b262a-q4-scattered-final,r6-09b262a-q4-scattered-final-00032,production.q4.scattered,delta-arrow-reader,reuse,1,2,success,,884642039,22949073060,45025088855,45025580588,,5454884,22064431021,19710247512,895,6,22076015795,21271003972,895,6,549502976,3404816000,45805111735,1677220000,1727596000,request/byte metrics require a separate I/O diagnostic,,,
r6-09b262a-q4-scattered-final,r6-09b262a-q4-scattered-final-00033,production.q4.scattered,polars,reuse,1,3,success,,885855151,23060371801,45169563818,45169679452,,255415,22174516650,22174395055,895,1,22109192017,22109067936,895,1,460521472,3853543000,46247178453,1749953000,2103590000,request/byte metrics require a separate I/O diagnostic,,,
r6-09b262a-q4-scattered-final,r6-09b262a-q4-scattered-final-00034,production.q4.scattered,spark,reuse,1,4,success,,5736194386,31269721330,54275124803,54275403369,3386915698,154130862,25533526944,,895,6,23005403473,,895,6,417214464,3231219000,61437162179,450402000,2780817000,request/byte metrics require a separate I/O diagnostic,,,
r6-09b262a-q4-scattered-final,r6-09b262a-q4-scattered-final-00035,production.q4.scattered,duckdb,reuse,2,0,success,,877469624,23890527323,46892743362,46892883864,,25426613,23013057699,23013011133,895,1,23002216039,23002176445,895,1,1436696576,6385611000,47543854861,3507457000,2878154000,request/byte metrics require a separate I/O diagnostic,,,
r6-09b262a-q4-scattered-final,r6-09b262a-q4-scattered-final-00036,production.q4.scattered,polars,reuse,2,1,success,,889397061,23183450539,45290181869,45290324684,,256046,22294053478,22293901505,895,1,22106731330,22106603332,895,1,463695872,3722112000,45863163636,1669409000,2052703000,request/byte metrics require a separate I/O diagnostic,,,
r6-09b262a-q4-scattered-final,r6-09b262a-q4-scattered-final-00037,production.q4.scattered,delta-rs,reuse,2,2,success,,883775236,23477735777,45593570254,45593982349,,5935626,22593960541,22351608441,895,6,22115834477,21317566784,895,6,581828608,3748055000,45917147049,1931748000,1816307000,request/byte metrics require a separate I/O diagnostic,,,
r6-09b262a-q4-scattered-final,r6-09b262a-q4-scattered-final-00038,production.q4.scattered,spark,reuse,2,3,success,,5757701691,31289011057,54322058487,54322352173,3242779411,157911050,25531309366,,895,6,23033047430,,895,6,417214464,2901448000,59493862499,286733000,2614715000,request/byte metrics require a separate I/O diagnostic,,,
r6-09b262a-q4-scattered-final,r6-09b262a-q4-scattered-final-00039,production.q4.scattered,delta-arrow-reader,reuse,2,4,success,,880012106,22953989321,45016977184,45017717590,,3514689,22073977215,20649850786,895,6,22062987863,21575832720,895,6,585052160,3634417000,45195959417,1731291000,1903126000,request/byte metrics require a separate I/O diagnostic,,,
r6-09b262a-q4-scattered-final,r6-09b262a-q4-scattered-final-00040,production.q4.scattered,polars,reuse,3,0,success,,885637968,23024937570,45136518433,45136692848,,378874,22139299602,22139190279,895,1,22111580863,22111409815,895,1,462942208,3889543000,45692257562,1755876000,2133667000,request/byte metrics require a separate I/O diagnostic,,,
r6-09b262a-q4-scattered-final,r6-09b262a-q4-scattered-final-00041,production.q4.scattered,spark,reuse,3,1,success,,5665087410,31248912852,54268422295,54268712033,3204915815,154863179,25583825442,,895,6,23019509443,,895,6,417214464,2815521000,59386884589,287477000,2528044000,request/byte metrics require a separate I/O diagnostic,,,
r6-09b262a-q4-scattered-final,r6-09b262a-q4-scattered-final-00042,production.q4.scattered,duckdb,reuse,3,2,success,,882367584,23905587586,46932550442,46932702683,,26928203,23023220002,23023179456,895,1,23026962856,23026925276,895,1,1389518848,6288562000,47455149846,3648756000,2639806000,request/byte metrics require a separate I/O diagnostic,,,
r6-09b262a-q4-scattered-final,r6-09b262a-q4-scattered-final-00043,production.q4.scattered,delta-arrow-reader,reuse,3,3,success,,877310065,22945047051,45003480689,45004211408,,5466855,22067736986,19684984119,895,6,22058433638,21381858653,895,6,563675136,3396917000,45185438240,1631808000,1765109000,request/byte metrics require a separate I/O diagnostic,,,
r6-09b262a-q4-scattered-final,r6-09b262a-q4-scattered-final-00044,production.q4.scattered,delta-rs,reuse,3,4,success,,884931074,23481418561,45592500636,45593088306,,5548367,22596487487,22033953788,895,6,22111082075,21182990694,895,6,579579904,3699291000,45788598562,1885123000,1814168000,request/byte metrics require a separate I/O diagnostic,,,
r6-09b262a-q4-scattered-final,r6-09b262a-q4-scattered-final-00045,production.q4.scattered,spark,reuse,4,0,success,,5693439218,31264026651,54301321460,54301587555,3186358893,166867508,25570587433,,895,6,23037294809,,895,6,417214464,2819849000,59391858750,258207000,2561642000,request/byte metrics require a separate I/O diagnostic,,,
r6-09b262a-q4-scattered-final,r6-09b262a-q4-scattered-final-00046,production.q4.scattered,delta-arrow-reader,reuse,4,1,success,,880351857,22956872514,45019610023,45020320012,,2291246,22076520657,20029757532,895,6,22062737509,21579292773,895,6,577163264,3582086000,45199416317,1748125000,1833961000,request/byte metrics require a separate I/O diagnostic,,,
r6-09b262a-q4-scattered-final,r6-09b262a-q4-scattered-final-00047,production.q4.scattered,polars,reuse,4,2,success,,882763698,23077377998,45188466175,45188598320,,267016,22194614300,22194465434,895,1,22111088177,22110918602,895,1,464674816,3576585000,45754265840,1581177000,1995408000,request/byte metrics require a separate I/O diagnostic,,,
r6-09b262a-q4-scattered-final,r6-09b262a-q4-scattered-final-00048,production.q4.scattered,delta-rs,reuse,4,3,success,,884412200,23469638903,45592049708,45592444611,,3031241,22585226703,22308837324,895,6,22122410805,21362385339,895,6,575512576,3677051000,45793384081,1941839000,1735212000,request/byte metrics require a separate I/O diagnostic,,,
r6-09b262a-q4-scattered-final,r6-09b262a-q4-scattered-final-00049,production.q4.scattered,duckdb,reuse,4,4,success,,883158472,23897363094,46906902140,46907055806,,29163124,23014204622,23014157004,895,1,23009539046,23009503240,895,1,1474220032,6070767000,47427794235,3421825000,2648942000,request/byte metrics require a separate I/O diagnostic,,,
r6-09b262a-q4-scattered-dv-final,r6-09b262a-q4-scattered-dv-final-00000,production.q4.scattered.dv,delta-arrow-reader,open,0,0,success,23266989137,,,,23266990169,,3186910,23266989137,21792080132,894,6,,,,,500826112,2054931000,23544357535,997893000,1057038000,request/byte metrics require a separate I/O diagnostic,,,
r6-09b262a-q4-scattered-dv-final,r6-09b262a-q4-scattered-dv-final-00001,production.q4.scattered.dv,delta-rs,open,0,1,success,179758288836,,,,179758290950,,10049548,179758288836,179757768309,894,8,,,,,419807232,13878379000,180063603047,7033561000,6844818000,request/byte metrics require a separate I/O diagnostic,,,
r6-09b262a-q4-scattered-dv-final,r6-09b262a-q4-scattered-dv-final-00002,production.q4.scattered.dv,spark,open,0,2,success,32506224219,,,,32506247262,3337239185,402966329,32506224219,,894,6,,,,,419807232,2846024000,38404054150,341806000,2504218000,request/byte metrics require a separate I/O diagnostic,,,
r6-09b262a-q4-scattered-dv-final,r6-09b262a-q4-scattered-dv-final-00003,production.q4.scattered.dv,duckdb,open,0,3,success,25622527248,,,,25622531025,,22186994,25622527248,25622484799,894,1,,,,,1099567104,4239227000,26421673519,1809299000,2429928000,request/byte metrics require a separate I/O diagnostic,,,
r6-09b262a-q4-scattered-dv-final,r6-09b262a-q4-scattered-dv-final-00004,production.q4.scattered.dv,polars,open,0,4,success,167947654485,,,,167947657991,,436210,167947654485,167947467597,894,1,,,,,1090424832,15009563000,169094016803,8737974000,6271589000,request/byte metrics require a separate I/O diagnostic,,,
r6-09b262a-q4-scattered-dv-final,r6-09b262a-q4-scattered-dv-final-00005,production.q4.scattered.dv,delta-rs,open,1,0,success,179734927787,,,,179734929931,,9256414,179734927787,179734294761,894,8,,,,,421437440,13747982000,179956827276,7086208000,6661774000,request/byte metrics require a separate I/O diagnostic,,,
r6-09b262a-q4-scattered-dv-final,r6-09b262a-q4-scattered-dv-final-00006,production.q4.scattered.dv,duckdb,open,1,1,success,25557311466,,,,25557313941,,11712336,25557311466,25557264749,894,1,,,,,999178240,25197357000,26058466194,1454171000,23743186000,request/byte metrics require a separate I/O diagnostic,,,
r6-09b262a-q4-scattered-dv-final,r6-09b262a-q4-scattered-dv-final-00007,production.q4.scattered.dv,delta-arrow-reader,open,1,2,success,23291483659,,,,23291484912,,5348836,23291483659,22340622661,894,6,,,,,495910912,1856180000,23480923997,916923000,939257000,request/byte metrics require a separate I/O diagnostic,,,
r6-09b262a-q4-scattered-dv-final,r6-09b262a-q4-scattered-dv-final-00008,production.q4.scattered.dv,polars,open,1,3,success,166865401884,,,,166865407635,,376629,166865401884,166865204938,894,1,,,,,1145905152,14912632000,167452591016,8507643000,6404989000,request/byte metrics require a separate I/O diagnostic,,,
r6-09b262a-q4-scattered-dv-final,r6-09b262a-q4-scattered-dv-final-00009,production.q4.scattered.dv,spark,open,1,4,success,32477494443,,,,32477516494,3326093672,413632379,32477494443,,894,6,,,,,419807232,2827767000,37996835876,295161000,2532606000,request/byte metrics require a separate I/O diagnostic,,,
r6-09b262a-q4-scattered-dv-final,r6-09b262a-q4-scattered-dv-final-00010,production.q4.scattered.dv,duckdb,open,2,0,success,25599671417,,,,25599673701,,23835125,25599671417,25599629459,894,1,,,,,1114910720,4364674000,26359189740,1944672000,2420002000,request/byte metrics require a separate I/O diagnostic,,,
r6-09b262a-q4-scattered-dv-final,r6-09b262a-q4-scattered-dv-final-00011,production.q4.scattered.dv,polars,open,2,1,success,167464154444,,,,167464158131,,377241,167464154444,167463962748,894,1,,,,,1095024640,15493409000,168184605308,8827463000,6665946000,request/byte metrics require a separate I/O diagnostic,,,
r6-09b262a-q4-scattered-dv-final,r6-09b262a-q4-scattered-dv-final-00012,production.q4.scattered.dv,delta-rs,open,2,2,success,179728561063,,,,179728562916,,15036281,179728561063,179727674366,894,8,,,,,423890944,14076660000,180056910524,7264027000,6812633000,request/byte metrics require a separate I/O diagnostic,,,
r6-09b262a-q4-scattered-dv-final,r6-09b262a-q4-scattered-dv-final-00013,production.q4.scattered.dv,spark,open,2,3,success,32489720402,,,,32489752983,3193337390,507723760,32489720402,,894,6,,,,,419807232,2985901000,38775585994,435814000,2550087000,request/byte metrics require a separate I/O diagnostic,,,
r6-09b262a-q4-scattered-dv-final,r6-09b262a-q4-scattered-dv-final-00014,production.q4.scattered.dv,delta-arrow-reader,open,2,4,success,23254319430,,,,23254320372,,3929609,23254319430,22244533598,894,6,,,,,493981696,1908067000,23510381480,996633000,911434000,request/byte metrics require a separate I/O diagnostic,,,
r6-09b262a-q4-scattered-dv-final,r6-09b262a-q4-scattered-dv-final-00015,production.q4.scattered.dv,polars,open,3,0,success,166814068640,,,,166814073429,,259682,166814068640,166813934010,894,1,,,,,1082523648,14963217000,167721164519,8708605000,6254612000,request/byte metrics require a separate I/O diagnostic,,,
r6-09b262a-q4-scattered-dv-final,r6-09b262a-q4-scattered-dv-final-00016,production.q4.scattered.dv,spark,open,3,1,success,32369628874,,,,32369652017,3248670506,83116495,32369628874,,894,6,,,,,419807232,2879458000,37823478472,329290000,2550168000,request/byte metrics require a separate I/O diagnostic,,,
r6-09b262a-q4-scattered-dv-final,r6-09b262a-q4-scattered-dv-final-00017,production.q4.scattered.dv,duckdb,open,3,2,success,25607027308,,,,25607030093,,22940493,25607027308,25606987114,894,1,,,,,1105453056,4311215000,26291910152,1908703000,2402512000,request/byte metrics require a separate I/O diagnostic,,,
r6-09b262a-q4-scattered-dv-final,r6-09b262a-q4-scattered-dv-final-00018,production.q4.scattered.dv,delta-arrow-reader,open,3,3,success,23267241393,,,,23267242725,,3258783,23267241393,20224037677,894,6,,,,,456966144,2066734000,23513550839,1000358000,1066376000,request/byte metrics require a separate I/O diagnostic,,,
r6-09b262a-q4-scattered-dv-final,r6-09b262a-q4-scattered-dv-final-00019,production.q4.scattered.dv,delta-rs,open,3,4,success,179691619376,,,,179691621219,,10701879,179691619376,179691059556,894,8,,,,,419807232,13956278000,179986839566,7042613000,6913665000,request/byte metrics require a separate I/O diagnostic,,,
r6-09b262a-q4-scattered-dv-final,r6-09b262a-q4-scattered-dv-final-00020,production.q4.scattered.dv,spark,open,4,0,success,32412627414,,,,32412658101,3248429699,39239217,32412627414,,894,6,,,,,419807232,2999862000,38343128177,402477000,2597385000,request/byte metrics require a separate I/O diagnostic,,,
r6-09b262a-q4-scattered-dv-final,r6-09b262a-q4-scattered-dv-final-00021,production.q4.scattered.dv,delta-arrow-reader,open,4,1,success,23288445097,,,,23288446590,,5194879,23288445097,23190805990,894,6,,,,,551747584,2103155000,23480681742,994480000,1108675000,request/byte metrics require a separate I/O diagnostic,,,
r6-09b262a-q4-scattered-dv-final,r6-09b262a-q4-scattered-dv-final-00022,production.q4.scattered.dv,polars,open,4,2,success,167075011080,,,,167075013735,,284599,167075011080,167074866662,894,1,,,,,1093677056,15655650000,167976511150,9101659000,6553991000,request/byte metrics require a separate I/O diagnostic,,,
r6-09b262a-q4-scattered-dv-final,r6-09b262a-q4-scattered-dv-final-00023,production.q4.scattered.dv,delta-rs,open,4,3,success,179718389085,,,,179718391109,,13074917,179718389085,179717261110,894,8,,,,,420909056,13914185000,179953391087,7016912000,6897273000,request/byte metrics require a separate I/O diagnostic,,,
r6-09b262a-q4-scattered-dv-final,r6-09b262a-q4-scattered-dv-final-00024,production.q4.scattered.dv,duckdb,open,4,4,success,25546116849,,,,25546120205,,13455704,25546116849,25546070403,894,1,,,,,919564288,3730709000,26286016191,1708994000,2021715000,request/byte metrics require a separate I/O diagnostic,,,
r6-09b262a-q4-scattered-dv-final,r6-09b262a-q4-scattered-dv-final-00025,production.q4.scattered.dv,delta-arrow-reader,reuse,0,0,success,,918359967,23270935963,45630585777,45631354604,,5753928,22352575996,21250752352,894,6,22359649814,20855081662,894,6,539992064,3421758000,45815770391,1686127000,1735631000,request/byte metrics require a separate I/O diagnostic,,,
r6-09b262a-q4-scattered-dv-final,r6-09b262a-q4-scattered-dv-final-00026,production.q4.scattered.dv,delta-rs,reuse,0,1,success,,917413741,179737676927,355989397444,355991128900,,16561684,178820263186,178818628379,894,8,176251720517,176251121995,894,8,483897344,27259857000,356216978190,13901856000,13358001000,request/byte metrics require a separate I/O diagnostic,,,
r6-09b262a-q4-scattered-dv-final,r6-09b262a-q4-scattered-dv-final-00027,production.q4.scattered.dv,spark,reuse,0,2,success,,5614541986,32562586766,56234282638,56234594497,3362957568,140654629,26948044780,,894,6,23671695872,,894,6,419807232,2896594000,61882177241,373680000,2522914000,request/byte metrics require a separate I/O diagnostic,,,
r6-09b262a-q4-scattered-dv-final,r6-09b262a-q4-scattered-dv-final-00028,production.q4.scattered.dv,duckdb,reuse,0,3,success,,916764549,25158598517,49358628847,49358774588,,21615211,24241833968,24241792060,894,1,24200030330,24199989594,894,1,1333239808,7185113000,50061244390,3427036000,3758077000,request/byte metrics require a separate I/O diagnostic,,,
r6-09b262a-q4-scattered-dv-final,r6-09b262a-q4-scattered-dv-final-00029,production.q4.scattered.dv,polars,reuse,0,4,success,,915713575,167307234510,333821317568,333821467776,,342797,166391520935,166391338986,894,1,166514083058,166513860034,894,1,1120051200,30263839000,334503140056,17663014000,12600825000,request/byte metrics require a separate I/O diagnostic,,,
r6-09b262a-q4-scattered-dv-final,r6-09b262a-q4-scattered-dv-final-00030,production.q4.scattered.dv,delta-rs,reuse,1,0,success,,921171172,179697905140,355933633108,355934747958,,19662193,178776733968,178776113214,894,8,176235727968,176234874182,894,8,548851712,27589370000,356232559720,14120590000,13468780000,request/byte metrics require a separate I/O diagnostic,,,
r6-09b262a-q4-scattered-dv-final,r6-09b262a-q4-scattered-dv-final-00031,production.q4.scattered.dv,duckdb,reuse,1,1,success,,913076939,24997210718,49127204584,49127357608,,26285005,24084133779,24084092342,894,1,24129993866,24129951908,894,1,1241411584,6761796000,49658779966,3304872000,3456924000,request/byte metrics require a separate I/O diagnostic,,,
r6-09b262a-q4-scattered-dv-final,r6-09b262a-q4-scattered-dv-final-00032,production.q4.scattered.dv,delta-arrow-reader,reuse,1,2,success,,918905826,23260922964,45588540870,45589298747,,5243400,22342017138,21037237514,894,6,22327617906,21824648481,894,6,584200192,3426571000,45818680999,1761313000,1665258000,request/byte metrics require a separate I/O diagnostic,,,
r6-09b262a-q4-scattered-dv-final,r6-09b262a-q4-scattered-dv-final-00033,production.q4.scattered.dv,polars,reuse,1,3,success,,919200843,166785416546,333379283019,333379424482,,219919,165866215703,165866098285,894,1,166593866473,166593733566,894,1,1138384896,30639955000,333984668215,17951037000,12688918000,request/byte metrics require a separate I/O diagnostic,,,
r6-09b262a-q4-scattered-dv-final,r6-09b262a-q4-scattered-dv-final-00034,production.q4.scattered.dv,spark,reuse,1,4,success,,5780301127,32529021560,56236133442,56236406720,3234667074,196042976,26748720433,,894,6,23707111882,,894,6,419807232,3046766000,62581004975,456044000,2590722000,request/byte metrics require a separate I/O diagnostic,,,
r6-09b262a-q4-scattered-dv-final,r6-09b262a-q4-scattered-dv-final-00035,production.q4.scattered.dv,duckdb,reuse,2,0,success,,916106505,25115351851,49290241659,49290393891,,24421303,24199245346,24199204160,894,1,24174889808,24174852037,894,1,1301819392,7695472000,50037691941,3402375000,4293097000,request/byte metrics require a separate I/O diagnostic,,,
r6-09b262a-q4-scattered-dv-final,r6-09b262a-q4-scattered-dv-final-00036,production.q4.scattered.dv,polars,reuse,2,1,success,,920895422,166920788658,333334006794,333334158195,,348918,165999893236,165999744579,894,1,166413218136,166413011783,894,1,1143701504,29895309000,334323036417,17477749000,12417560000,request/byte metrics require a separate I/O diagnostic,,,
r6-09b262a-q4-scattered-dv-final,r6-09b262a-q4-scattered-dv-final-00037,production.q4.scattered.dv,delta-rs,reuse,2,2,success,,919634851,180234625567,356470642923,356472092476,,13422122,179314990716,179314291417,894,8,176236017356,176235322585,894,8,510111744,25459230000,356784995893,12275239000,13183991000,request/byte metrics require a separate I/O diagnostic,,,
r6-09b262a-q4-scattered-dv-final,r6-09b262a-q4-scattered-dv-final-00038,production.q4.scattered.dv,spark,reuse,2,3,success,,6278508683,34376641751,57987789356,57988132002,4272537569,75780905,28098133068,,894,6,23611147605,,894,6,419807232,3433639000,66015126420,561262000,2872377000,request/byte metrics require a separate I/O diagnostic,,,
r6-09b262a-q4-scattered-dv-final,r6-09b262a-q4-scattered-dv-final-00039,production.q4.scattered.dv,delta-arrow-reader,reuse,2,4,success,,914500564,23291069169,45640000255,45640736563,,7357437,22376568605,21724947853,894,6,22348931086,22061727734,894,6,592564224,3437474000,45903377627,1685600000,1751874000,request/byte metrics require a separate I/O diagnostic,,,
r6-09b262a-q4-scattered-dv-final,r6-09b262a-q4-scattered-dv-final-00040,production.q4.scattered.dv,polars,reuse,3,0,success,,915681818,167152217094,332995223532,332995400751,,213296,166236535276,166236419500,894,1,165843006438,165842888549,894,1,1149681664,30038352000,334171473265,17694341000,12344011000,request/byte metrics require a separate I/O diagnostic,,,
r6-09b262a-q4-scattered-dv-final,r6-09b262a-q4-scattered-dv-final-00041,production.q4.scattered.dv,spark,reuse,3,1,success,,5591254480,32318869687,55932818348,55933109619,3321973670,521623666,26727615207,,894,6,23613948661,,894,6,419807232,2911890000,61864478799,325316000,2586574000,request/byte metrics require a separate I/O diagnostic,,,
r6-09b262a-q4-scattered-dv-final,r6-09b262a-q4-scattered-dv-final-00042,production.q4.scattered.dv,duckdb,reuse,3,2,success,,912911181,25081775983,49279756115,49279928165,,16544643,24168864802,24168819828,894,1,24197980132,24197923236,894,1,1339514880,6744332000,50211879726,3325363000,3418969000,request/byte metrics require a separate I/O diagnostic,,,
r6-09b262a-q4-scattered-dv-final,r6-09b262a-q4-scattered-dv-final-00043,production.q4.scattered.dv,delta-arrow-reader,reuse,3,3,success,,916910351,23279618425,45605059205,45605839715,,3536850,22362708074,20600138810,894,6,22325440780,21910796837,894,6,574885888,3379446000,45792677300,1650069000,1729377000,request/byte metrics require a separate I/O diagnostic,,,
r6-09b262a-q4-scattered-dv-final,r6-09b262a-q4-scattered-dv-final-00044,production.q4.scattered.dv,delta-rs,reuse,3,4,success,,917165054,179708798131,355942181528,355943061693,,18802077,178791633077,178790961820,894,8,176233383397,176231818490,894,8,517890048,27458612000,356288545135,13933088000,13525524000,request/byte metrics require a separate I/O diagnostic,,,
r6-09b262a-q4-scattered-dv-final,r6-09b262a-q4-scattered-dv-final-00045,production.q4.scattered.dv,spark,reuse,4,0,success,,5516262478,32356469374,56026288871,56026642188,3173722992,487526898,26840206896,,894,6,23669819497,,894,6,419807232,2851162000,61516537407,332393000,2518769000,request/byte metrics require a separate I/O diagnostic,,,
r6-09b262a-q4-scattered-dv-final,r6-09b262a-q4-scattered-dv-final-00046,production.q4.scattered.dv,delta-arrow-reader,reuse,4,1,success,,922315873,23291962533,45658776222,45659565077,,3585601,22369646660,22299631612,894,6,22366813689,22305657607,894,6,565432320,3547112000,45845791477,1751168000,1795944000,request/byte metrics require a separate I/O diagnostic,,,
r6-09b262a-q4-scattered-dv-final,r6-09b262a-q4-scattered-dv-final-00047,production.q4.scattered.dv,polars,reuse,4,2,success,,919525688,166914094266,333729740989,333729888393,,1391195,165994568578,165994430001,894,1,166815646723,166815520579,894,1,1097461760,29787016000,334604530089,17620934000,12166082000,request/byte metrics require a separate I/O diagnostic,,,
r6-09b262a-q4-scattered-dv-final,r6-09b262a-q4-scattered-dv-final-00048,production.q4.scattered.dv,delta-rs,reuse,4,3,success,,916142603,179837261823,356148677397,356150505403,,14477063,178921119220,178920457521,894,8,176311415574,176310921336,894,8,545792000,27297972000,356500231113,13745729000,13552243000,request/byte metrics require a separate I/O diagnostic,,,
r6-09b262a-q4-scattered-dv-final,r6-09b262a-q4-scattered-dv-final-00049,production.q4.scattered.dv,duckdb,reuse,4,4,success,,914670069,25036887271,49249932565,49250073637,,19873377,24122217202,24122172780,894,1,24213045294,24212991894,894,1,1296588800,6378859000,50203439805,3391403000,2987456000,request/byte metrics require a separate I/O diagnostic,,,
